chrom,scenario,seed,priv_pca_count,priv_geo_count
1,uniform,1,23840.0,
1,uniform,2,23494.0,
1,uniform,3,23718.0,
1,uniform,4,23843.0,
1,uniform,5,23447.0,
1,uniform,6,24091.0,
1,uniform,7,23967.0,
1,uniform,8,23292.0,
1,uniform,9,23823.0,
1,uniform,10,23987.0,
1,5epsilonpca,1,25713.0,
1,5epsilonpca,2,25839.0,
1,5epsilonpca,3,25638.0,
1,5epsilonpca,4,25888.0,
1,5epsilonpca,5,25938.0,
1,5epsilonpca,6,25887.0,
1,5epsilonpca,7,26338.0,
1,5epsilonpca,8,25963.0,
1,5epsilonpca,9,25195.0,
1,5epsilonpca,10,25343.0,
1,10epsilonpca,1,25567.0,
1,10epsilonpca,2,25199.0,
1,10epsilonpca,3,25416.0,
1,10epsilonpca,4,25709.0,
1,10epsilonpca,5,25742.0,
1,10epsilonpca,6,25299.0,
1,10epsilonpca,7,25312.0,
1,10epsilonpca,8,25824.0,
1,10epsilonpca,9,25174.0,
1,10epsilonpca,10,25695.0,
1,50epsilonpca,1,24900.0,
1,50epsilonpca,2,24747.0,
1,50epsilonpca,3,25083.0,
1,50epsilonpca,4,25087.0,
1,50epsilonpca,5,24974.0,
1,50epsilonpca,6,24492.0,
1,50epsilonpca,7,25267.0,
1,50epsilonpca,8,25192.0,
1,50epsilonpca,9,24460.0,
1,50epsilonpca,10,25226.0,
1,100epsilonpca,1,24361.0,
1,100epsilonpca,2,24467.0,
1,100epsilonpca,3,23903.0,
1,100epsilonpca,4,24476.0,
1,100epsilonpca,5,23927.0,
1,100epsilonpca,6,24127.0,
1,100epsilonpca,7,24393.0,
1,100epsilonpca,8,24297.0,
1,100epsilonpca,9,24276.0,
1,100epsilonpca,10,24014.0,
1,closest10kpca,1,37737.0,
1,closest10kpca,2,37737.0,
1,closest10kpca,3,37737.0,
1,closest10kpca,4,37737.0,
1,closest10kpca,5,37737.0,
1,closest10kpca,6,37737.0,
1,closest10kpca,7,37737.0,
1,closest10kpca,8,37737.0,
1,closest10kpca,9,37737.0,
1,closest10kpca,10,37737.0,
1,5epsilongeo,1,,22252.0
1,5epsilongeo,2,,22340.0
1,5epsilongeo,3,,22095.0
1,5epsilongeo,4,,22111.0
1,5epsilongeo,5,,21948.0
1,5epsilongeo,6,,22159.0
1,5epsilongeo,7,,22127.0
1,5epsilongeo,8,,22234.0
1,5epsilongeo,9,,22183.0
1,5epsilongeo,10,,22151.0
1,10epsilongeo,1,,9713.0
1,10epsilongeo,2,,9491.0
1,10epsilongeo,3,,9646.0
1,10epsilongeo,4,,9724.0
1,10epsilongeo,5,,9686.0
1,10epsilongeo,6,,9651.0
1,10epsilongeo,7,,9572.0
1,10epsilongeo,8,,9582.0
1,10epsilongeo,9,,9825.0
1,10epsilongeo,10,,9619.0
1,50epsilongeo,1,,4423.0
1,50epsilongeo,2,,4269.0
1,50epsilongeo,3,,4243.0
1,50epsilongeo,4,,4335.0
1,50epsilongeo,5,,4354.0
1,50epsilongeo,6,,4333.0
1,50epsilongeo,7,,4237.0
1,50epsilongeo,8,,4175.0
1,50epsilongeo,9,,4034.0
1,50epsilongeo,10,,4257.0
1,closest10kgeo,1,,22050.0
1,closest10kgeo,2,,22050.0
1,closest10kgeo,3,,22050.0
1,closest10kgeo,4,,22050.0
1,closest10kgeo,5,,22050.0
1,closest10kgeo,6,,22050.0
1,closest10kgeo,7,,22050.0
1,closest10kgeo,8,,22050.0
1,closest10kgeo,9,,22050.0
1,closest10kgeo,10,,22050.0
1,uniformgeo,1,,4430.0
1,uniformgeo,2,,4183.0
1,uniformgeo,3,,4092.0
1,uniformgeo,4,,4170.0
1,uniformgeo,5,,4343.0
1,uniformgeo,6,,4319.0
1,uniformgeo,7,,4337.0
1,uniformgeo,8,,4258.0
1,uniformgeo,9,,4458.0
1,uniformgeo,10,,4200.0
2,uniform,1,17680.0,
2,uniform,2,17533.0,
2,uniform,3,17528.0,
2,uniform,4,17604.0,
2,uniform,5,17430.0,
2,uniform,6,17850.0,
2,uniform,7,18022.0,
2,uniform,8,17343.0,
2,uniform,9,17665.0,
2,uniform,10,17888.0,
2,5epsilonpca,1,19459.0,
2,5epsilonpca,2,19419.0,
2,5epsilonpca,3,19370.0,
2,5epsilonpca,4,19215.0,
2,5epsilonpca,5,19275.0,
2,5epsilonpca,6,19497.0,
2,5epsilonpca,7,19631.0,
2,5epsilonpca,8,19464.0,
2,5epsilonpca,9,19192.0,
2,5epsilonpca,10,19061.0,
2,10epsilonpca,1,19180.0,
2,10epsilonpca,2,18537.0,
2,10epsilonpca,3,19088.0,
2,10epsilonpca,4,19118.0,
2,10epsilonpca,5,18873.0,
2,10epsilonpca,6,18709.0,
2,10epsilonpca,7,18628.0,
2,10epsilonpca,8,19011.0,
2,10epsilonpca,9,18937.0,
2,10epsilonpca,10,19232.0,
2,50epsilonpca,1,18537.0,
2,50epsilonpca,2,18553.0,
2,50epsilonpca,3,18798.0,
2,50epsilonpca,4,18537.0,
2,50epsilonpca,5,18693.0,
2,50epsilonpca,6,18314.0,
2,50epsilonpca,7,18508.0,
2,50epsilonpca,8,18589.0,
2,50epsilonpca,9,18544.0,
2,50epsilonpca,10,18685.0,
2,100epsilonpca,1,18087.0,
2,100epsilonpca,2,18011.0,
2,100epsilonpca,3,17913.0,
2,100epsilonpca,4,18412.0,
2,100epsilonpca,5,17705.0,
2,100epsilonpca,6,17938.0,
2,100epsilonpca,7,18167.0,
2,100epsilonpca,8,18045.0,
2,100epsilonpca,9,18382.0,
2,100epsilonpca,10,17832.0,
2,closest10kpca,1,27580.0,
2,closest10kpca,2,27580.0,
2,closest10kpca,3,27580.0,
2,closest10kpca,4,27580.0,
2,closest10kpca,5,27580.0,
2,closest10kpca,6,27580.0,
2,closest10kpca,7,27580.0,
2,closest10kpca,8,27580.0,
2,closest10kpca,9,27580.0,
2,closest10kpca,10,27580.0,
2,5epsilongeo,1,,16317.0
2,5epsilongeo,2,,16580.0
2,5epsilongeo,3,,16313.0
2,5epsilongeo,4,,16472.0
2,5epsilongeo,5,,16510.0
2,5epsilongeo,6,,16320.0
2,5epsilongeo,7,,16215.0
2,5epsilongeo,8,,16499.0
2,5epsilongeo,9,,16456.0
2,5epsilongeo,10,,16481.0
2,10epsilongeo,1,,7259.0
2,10epsilongeo,2,,7240.0
2,10epsilongeo,3,,7282.0
2,10epsilongeo,4,,7100.0
2,10epsilongeo,5,,7151.0
2,10epsilongeo,6,,7407.0
2,10epsilongeo,7,,7177.0
2,10epsilongeo,8,,6971.0
2,10epsilongeo,9,,7188.0
2,10epsilongeo,10,,7186.0
2,50epsilongeo,1,,3069.0
2,50epsilongeo,2,,3224.0
2,50epsilongeo,3,,3180.0
2,50epsilongeo,4,,3290.0
2,50epsilongeo,5,,3231.0
2,50epsilongeo,6,,3138.0
2,50epsilongeo,7,,3126.0
2,50epsilongeo,8,,3144.0
2,50epsilongeo,9,,3032.0
2,50epsilongeo,10,,3298.0
2,closest10kgeo,1,,16382.0
2,closest10kgeo,2,,16382.0
2,closest10kgeo,3,,16382.0
2,closest10kgeo,4,,16382.0
2,closest10kgeo,5,,16382.0
2,closest10kgeo,6,,16382.0
2,closest10kgeo,7,,16382.0
2,closest10kgeo,8,,16382.0
2,closest10kgeo,9,,16382.0
2,closest10kgeo,10,,16382.0
2,uniformgeo,1,,3268.0
2,uniformgeo,2,,3121.0
2,uniformgeo,3,,3094.0
2,uniformgeo,4,,3121.0
2,uniformgeo,5,,3209.0
2,uniformgeo,6,,3103.0
2,uniformgeo,7,,3318.0
2,uniformgeo,8,,3256.0
2,uniformgeo,9,,3252.0
2,uniformgeo,10,,3116.0
3,uniform,1,14129.0,
3,uniform,2,14189.0,
3,uniform,3,14051.0,
3,uniform,4,14396.0,
3,uniform,5,13862.0,
3,uniform,6,14172.0,
3,uniform,7,14272.0,
3,uniform,8,13903.0,
3,uniform,9,14035.0,
3,uniform,10,14189.0,
3,5epsilonpca,1,15164.0,
3,5epsilonpca,2,15445.0,
3,5epsilonpca,3,15349.0,
3,5epsilonpca,4,15376.0,
3,5epsilonpca,5,15309.0,
3,5epsilonpca,6,15142.0,
3,5epsilonpca,7,15466.0,
3,5epsilonpca,8,15336.0,
3,5epsilonpca,9,15400.0,
3,5epsilonpca,10,15052.0,
3,10epsilonpca,1,14859.0,
3,10epsilonpca,2,15070.0,
3,10epsilonpca,3,15037.0,
3,10epsilonpca,4,15059.0,
3,10epsilonpca,5,15426.0,
3,10epsilonpca,6,14728.0,
3,10epsilonpca,7,15053.0,
3,10epsilonpca,8,15089.0,
3,10epsilonpca,9,15133.0,
3,10epsilonpca,10,15221.0,
3,50epsilonpca,1,14987.0,
3,50epsilonpca,2,14761.0,
3,50epsilonpca,3,14961.0,
3,50epsilonpca,4,14681.0,
3,50epsilonpca,5,14900.0,
3,50epsilonpca,6,14587.0,
3,50epsilonpca,7,14898.0,
3,50epsilonpca,8,15054.0,
3,50epsilonpca,9,14800.0,
3,50epsilonpca,10,14772.0,
3,100epsilonpca,1,14443.0,
3,100epsilonpca,2,14484.0,
3,100epsilonpca,3,14286.0,
3,100epsilonpca,4,14505.0,
3,100epsilonpca,5,14284.0,
3,100epsilonpca,6,14137.0,
3,100epsilonpca,7,14461.0,
3,100epsilonpca,8,14442.0,
3,100epsilonpca,9,14551.0,
3,100epsilonpca,10,14155.0,
3,closest10kpca,1,22087.0,
3,closest10kpca,2,22087.0,
3,closest10kpca,3,22087.0,
3,closest10kpca,4,22087.0,
3,closest10kpca,5,22087.0,
3,closest10kpca,6,22087.0,
3,closest10kpca,7,22087.0,
3,closest10kpca,8,22087.0,
3,closest10kpca,9,22087.0,
3,closest10kpca,10,22087.0,
3,5epsilongeo,1,,13024.0
3,5epsilongeo,2,,13284.0
3,5epsilongeo,3,,13036.0
3,5epsilongeo,4,,13072.0
3,5epsilongeo,5,,13126.0
3,5epsilongeo,6,,13103.0
3,5epsilongeo,7,,13039.0
3,5epsilongeo,8,,13161.0
3,5epsilongeo,9,,13122.0
3,5epsilongeo,10,,13207.0
3,10epsilongeo,1,,5691.0
3,10epsilongeo,2,,5841.0
3,10epsilongeo,3,,5754.0
3,10epsilongeo,4,,5749.0
3,10epsilongeo,5,,5834.0
3,10epsilongeo,6,,5771.0
3,10epsilongeo,7,,5767.0
3,10epsilongeo,8,,5677.0
3,10epsilongeo,9,,5781.0
3,10epsilongeo,10,,5727.0
3,50epsilongeo,1,,2582.0
3,50epsilongeo,2,,2675.0
3,50epsilongeo,3,,2471.0
3,50epsilongeo,4,,2521.0
3,50epsilongeo,5,,2534.0
3,50epsilongeo,6,,2552.0
3,50epsilongeo,7,,2523.0
3,50epsilongeo,8,,2480.0
3,50epsilongeo,9,,2459.0
3,50epsilongeo,10,,2562.0
3,closest10kgeo,1,,13184.0
3,closest10kgeo,2,,13184.0
3,closest10kgeo,3,,13184.0
3,closest10kgeo,4,,13184.0
3,closest10kgeo,5,,13184.0
3,closest10kgeo,6,,13184.0
3,closest10kgeo,7,,13184.0
3,closest10kgeo,8,,13184.0
3,closest10kgeo,9,,13184.0
3,closest10kgeo,10,,13184.0
3,uniformgeo,1,,2509.0
3,uniformgeo,2,,2550.0
3,uniformgeo,3,,2476.0
3,uniformgeo,4,,2463.0
3,uniformgeo,5,,2586.0
3,uniformgeo,6,,2483.0
3,uniformgeo,7,,2596.0
3,uniformgeo,8,,2580.0
3,uniformgeo,9,,2596.0
3,uniformgeo,10,,2443.0
4,uniform,1,9801.0,
4,uniform,2,9771.0,
4,uniform,3,9683.0,
4,uniform,4,9877.0,
4,uniform,5,9590.0,
4,uniform,6,9830.0,
4,uniform,7,9859.0,
4,uniform,8,9563.0,
4,uniform,9,9795.0,
4,uniform,10,9707.0,
4,5epsilonpca,1,10480.0,
4,5epsilonpca,2,10523.0,
4,5epsilonpca,3,10473.0,
4,5epsilonpca,4,10542.0,
4,5epsilonpca,5,10651.0,
4,5epsilonpca,6,10481.0,
4,5epsilonpca,7,10920.0,
4,5epsilonpca,8,10640.0,
4,5epsilonpca,9,10314.0,
4,5epsilonpca,10,10637.0,
4,10epsilonpca,1,10322.0,
4,10epsilonpca,2,10262.0,
4,10epsilonpca,3,10464.0,
4,10epsilonpca,4,10366.0,
4,10epsilonpca,5,10457.0,
4,10epsilonpca,6,10334.0,
4,10epsilonpca,7,10364.0,
4,10epsilonpca,8,10644.0,
4,10epsilonpca,9,10224.0,
4,10epsilonpca,10,10533.0,
4,50epsilonpca,1,10115.0,
4,50epsilonpca,2,10226.0,
4,50epsilonpca,3,10430.0,
4,50epsilonpca,4,10369.0,
4,50epsilonpca,5,10402.0,
4,50epsilonpca,6,10147.0,
4,50epsilonpca,7,10019.0,
4,50epsilonpca,8,10267.0,
4,50epsilonpca,9,10136.0,
4,50epsilonpca,10,10193.0,
4,100epsilonpca,1,9973.0,
4,100epsilonpca,2,9885.0,
4,100epsilonpca,3,9891.0,
4,100epsilonpca,4,10025.0,
4,100epsilonpca,5,9783.0,
4,100epsilonpca,6,9857.0,
4,100epsilonpca,7,9916.0,
4,100epsilonpca,8,9941.0,
4,100epsilonpca,9,10004.0,
4,100epsilonpca,10,9829.0,
4,closest10kpca,1,15326.0,
4,closest10kpca,2,15326.0,
4,closest10kpca,3,15326.0,
4,closest10kpca,4,15326.0,
4,closest10kpca,5,15326.0,
4,closest10kpca,6,15326.0,
4,closest10kpca,7,15326.0,
4,closest10kpca,8,15326.0,
4,closest10kpca,9,15326.0,
4,closest10kpca,10,15326.0,
4,5epsilongeo,1,,9172.0
4,5epsilongeo,2,,9264.0
4,5epsilongeo,3,,9140.0
4,5epsilongeo,4,,9154.0
4,5epsilongeo,5,,9115.0
4,5epsilongeo,6,,9093.0
4,5epsilongeo,7,,9091.0
4,5epsilongeo,8,,9049.0
4,5epsilongeo,9,,9151.0
4,5epsilongeo,10,,9284.0
4,10epsilongeo,1,,4086.0
4,10epsilongeo,2,,3916.0
4,10epsilongeo,3,,4065.0
4,10epsilongeo,4,,3968.0
4,10epsilongeo,5,,3975.0
4,10epsilongeo,6,,3966.0
4,10epsilongeo,7,,3930.0
4,10epsilongeo,8,,3987.0
4,10epsilongeo,9,,4081.0
4,10epsilongeo,10,,3984.0
4,50epsilongeo,1,,1794.0
4,50epsilongeo,2,,1813.0
4,50epsilongeo,3,,1735.0
4,50epsilongeo,4,,1761.0
4,50epsilongeo,5,,1744.0
4,50epsilongeo,6,,1787.0
4,50epsilongeo,7,,1750.0
4,50epsilongeo,8,,1639.0
4,50epsilongeo,9,,1665.0
4,50epsilongeo,10,,1742.0
4,closest10kgeo,1,,9144.0
4,closest10kgeo,2,,9144.0
4,closest10kgeo,3,,9144.0
4,closest10kgeo,4,,9144.0
4,closest10kgeo,5,,9144.0
4,closest10kgeo,6,,9144.0
4,closest10kgeo,7,,9144.0
4,closest10kgeo,8,,9144.0
4,closest10kgeo,9,,9144.0
4,closest10kgeo,10,,9144.0
4,uniformgeo,1,,1756.0
4,uniformgeo,2,,1796.0
4,uniformgeo,3,,1662.0
4,uniformgeo,4,,1771.0
4,uniformgeo,5,,1754.0
4,uniformgeo,6,,1731.0
4,uniformgeo,7,,1825.0
4,uniformgeo,8,,1814.0
4,uniformgeo,9,,1834.0
4,uniformgeo,10,,1734.0
5,uniform,1,10750.0,
5,uniform,2,10703.0,
5,uniform,3,10608.0,
5,uniform,4,10830.0,
5,uniform,5,10483.0,
5,uniform,6,10749.0,
5,uniform,7,10761.0,
5,uniform,8,10587.0,
5,uniform,9,10734.0,
5,uniform,10,10721.0,
5,5epsilonpca,1,11721.0,
5,5epsilonpca,2,11828.0,
5,5epsilonpca,3,11658.0,
5,5epsilonpca,4,11909.0,
5,5epsilonpca,5,11759.0,
5,5epsilonpca,6,11678.0,
5,5epsilonpca,7,11856.0,
5,5epsilonpca,8,11593.0,
5,5epsilonpca,9,11362.0,
5,5epsilonpca,10,11672.0,
5,10epsilonpca,1,11711.0,
5,10epsilonpca,2,11397.0,
5,10epsilonpca,3,11428.0,
5,10epsilonpca,4,11601.0,
5,10epsilonpca,5,11553.0,
5,10epsilonpca,6,11517.0,
5,10epsilonpca,7,11404.0,
5,10epsilonpca,8,11698.0,
5,10epsilonpca,9,11485.0,
5,10epsilonpca,10,11791.0,
5,50epsilonpca,1,11379.0,
5,50epsilonpca,2,11279.0,
5,50epsilonpca,3,11440.0,
5,50epsilonpca,4,11287.0,
5,50epsilonpca,5,11485.0,
5,50epsilonpca,6,11155.0,
5,50epsilonpca,7,11502.0,
5,50epsilonpca,8,11269.0,
5,50epsilonpca,9,11214.0,
5,50epsilonpca,10,11176.0,
5,100epsilonpca,1,11107.0,
5,100epsilonpca,2,10988.0,
5,100epsilonpca,3,11012.0,
5,100epsilonpca,4,11175.0,
5,100epsilonpca,5,10951.0,
5,100epsilonpca,6,10940.0,
5,100epsilonpca,7,10925.0,
5,100epsilonpca,8,11007.0,
5,100epsilonpca,9,10985.0,
5,100epsilonpca,10,11177.0,
5,closest10kpca,1,16726.0,
5,closest10kpca,2,16726.0,
5,closest10kpca,3,16726.0,
5,closest10kpca,4,16726.0,
5,closest10kpca,5,16726.0,
5,closest10kpca,6,16726.0,
5,closest10kpca,7,16726.0,
5,closest10kpca,8,16726.0,
5,closest10kpca,9,16726.0,
5,closest10kpca,10,16726.0,
5,5epsilongeo,1,,10052.0
5,5epsilongeo,2,,10128.0
5,5epsilongeo,3,,9984.0
5,5epsilongeo,4,,10111.0
5,5epsilongeo,5,,10063.0
5,5epsilongeo,6,,10160.0
5,5epsilongeo,7,,10106.0
5,5epsilongeo,8,,10150.0
5,5epsilongeo,9,,10008.0
5,5epsilongeo,10,,9990.0
5,10epsilongeo,1,,4427.0
5,10epsilongeo,2,,4368.0
5,10epsilongeo,3,,4448.0
5,10epsilongeo,4,,4448.0
5,10epsilongeo,5,,4421.0
5,10epsilongeo,6,,4406.0
5,10epsilongeo,7,,4511.0
5,10epsilongeo,8,,4326.0
5,10epsilongeo,9,,4510.0
5,10epsilongeo,10,,4442.0
5,50epsilongeo,1,,2027.0
5,50epsilongeo,2,,1949.0
5,50epsilongeo,3,,1919.0
5,50epsilongeo,4,,1894.0
5,50epsilongeo,5,,1955.0
5,50epsilongeo,6,,1863.0
5,50epsilongeo,7,,1970.0
5,50epsilongeo,8,,1915.0
5,50epsilongeo,9,,1834.0
5,50epsilongeo,10,,1872.0
5,closest10kgeo,1,,9998.0
5,closest10kgeo,2,,9998.0
5,closest10kgeo,3,,9998.0
5,closest10kgeo,4,,9998.0
5,closest10kgeo,5,,9998.0
5,closest10kgeo,6,,9998.0
5,closest10kgeo,7,,9998.0
5,closest10kgeo,8,,9998.0
5,closest10kgeo,9,,9998.0
5,closest10kgeo,10,,9998.0
5,uniformgeo,1,,2004.0
5,uniformgeo,2,,1908.0
5,uniformgeo,3,,1907.0
5,uniformgeo,4,,1929.0
5,uniformgeo,5,,1931.0
5,uniformgeo,6,,1946.0
5,uniformgeo,7,,1960.0
5,uniformgeo,8,,2060.0
5,uniformgeo,9,,1995.0
5,uniformgeo,10,,1920.0
6,uniform,1,12075.0,
6,uniform,2,11839.0,
6,uniform,3,12065.0,
6,uniform,4,11987.0,
6,uniform,5,11756.0,
6,uniform,6,12118.0,
6,uniform,7,12040.0,
6,uniform,8,11993.0,
6,uniform,9,11853.0,
6,uniform,10,12086.0,
6,5epsilonpca,1,13386.0,
6,5epsilonpca,2,12988.0,
6,5epsilonpca,3,12984.0,
6,5epsilonpca,4,13055.0,
6,5epsilonpca,5,13219.0,
6,5epsilonpca,6,13074.0,
6,5epsilonpca,7,13142.0,
6,5epsilonpca,8,13211.0,
6,5epsilonpca,9,12964.0,
6,5epsilonpca,10,13004.0,
6,10epsilonpca,1,12967.0,
6,10epsilonpca,2,12837.0,
6,10epsilonpca,3,12956.0,
6,10epsilonpca,4,12821.0,
6,10epsilonpca,5,12979.0,
6,10epsilonpca,6,12842.0,
6,10epsilonpca,7,12906.0,
6,10epsilonpca,8,12942.0,
6,10epsilonpca,9,12719.0,
6,10epsilonpca,10,13115.0,
6,50epsilonpca,1,12875.0,
6,50epsilonpca,2,12777.0,
6,50epsilonpca,3,12589.0,
6,50epsilonpca,4,12673.0,
6,50epsilonpca,5,12592.0,
6,50epsilonpca,6,12537.0,
6,50epsilonpca,7,12773.0,
6,50epsilonpca,8,12774.0,
6,50epsilonpca,9,12704.0,
6,50epsilonpca,10,12499.0,
6,100epsilonpca,1,12143.0,
6,100epsilonpca,2,12447.0,
6,100epsilonpca,3,12253.0,
6,100epsilonpca,4,12373.0,
6,100epsilonpca,5,12185.0,
6,100epsilonpca,6,12240.0,
6,100epsilonpca,7,12549.0,
6,100epsilonpca,8,12113.0,
6,100epsilonpca,9,12274.0,
6,100epsilonpca,10,12322.0,
6,closest10kpca,1,18611.0,
6,closest10kpca,2,18611.0,
6,closest10kpca,3,18611.0,
6,closest10kpca,4,18611.0,
6,closest10kpca,5,18611.0,
6,closest10kpca,6,18611.0,
6,closest10kpca,7,18611.0,
6,closest10kpca,8,18611.0,
6,closest10kpca,9,18611.0,
6,closest10kpca,10,18611.0,
6,5epsilongeo,1,,11551.0
6,5epsilongeo,2,,11432.0
6,5epsilongeo,3,,11361.0
6,5epsilongeo,4,,11444.0
6,5epsilongeo,5,,11338.0
6,5epsilongeo,6,,11343.0
6,5epsilongeo,7,,11375.0
6,5epsilongeo,8,,11370.0
6,5epsilongeo,9,,11441.0
6,5epsilongeo,10,,11545.0
6,10epsilongeo,1,,4964.0
6,10epsilongeo,2,,4985.0
6,10epsilongeo,3,,4982.0
6,10epsilongeo,4,,4856.0
6,10epsilongeo,5,,5041.0
6,10epsilongeo,6,,4968.0
6,10epsilongeo,7,,4861.0
6,10epsilongeo,8,,4902.0
6,10epsilongeo,9,,4938.0
6,10epsilongeo,10,,4966.0
6,50epsilongeo,1,,2222.0
6,50epsilongeo,2,,2273.0
6,50epsilongeo,3,,2187.0
6,50epsilongeo,4,,2144.0
6,50epsilongeo,5,,2264.0
6,50epsilongeo,6,,2171.0
6,50epsilongeo,7,,2141.0
6,50epsilongeo,8,,2124.0
6,50epsilongeo,9,,2098.0
6,50epsilongeo,10,,2187.0
6,closest10kgeo,1,,11449.0
6,closest10kgeo,2,,11449.0
6,closest10kgeo,3,,11449.0
6,closest10kgeo,4,,11449.0
6,closest10kgeo,5,,11449.0
6,closest10kgeo,6,,11449.0
6,closest10kgeo,7,,11449.0
6,closest10kgeo,8,,11449.0
6,closest10kgeo,9,,11449.0
6,closest10kgeo,10,,11449.0
6,uniformgeo,1,,2205.0
6,uniformgeo,2,,2104.0
6,uniformgeo,3,,2126.0
6,uniformgeo,4,,2092.0
6,uniformgeo,5,,2238.0
6,uniformgeo,6,,2165.0
6,uniformgeo,7,,2268.0
6,uniformgeo,8,,2193.0
6,uniformgeo,9,,2247.0
6,uniformgeo,10,,2251.0
7,uniform,1,11396.0,
7,uniform,2,11217.0,
7,uniform,3,11308.0,
7,uniform,4,11419.0,
7,uniform,5,11285.0,
7,uniform,6,11459.0,
7,uniform,7,11532.0,
7,uniform,8,11104.0,
7,uniform,9,11285.0,
7,uniform,10,11299.0,
7,5epsilonpca,1,12437.0,
7,5epsilonpca,2,12270.0,
7,5epsilonpca,3,12391.0,
7,5epsilonpca,4,12308.0,
7,5epsilonpca,5,12295.0,
7,5epsilonpca,6,12303.0,
7,5epsilonpca,7,12449.0,
7,5epsilonpca,8,12227.0,
7,5epsilonpca,9,12435.0,
7,5epsilonpca,10,11935.0,
7,10epsilonpca,1,12226.0,
7,10epsilonpca,2,11937.0,
7,10epsilonpca,3,12205.0,
7,10epsilonpca,4,12019.0,
7,10epsilonpca,5,12340.0,
7,10epsilonpca,6,12103.0,
7,10epsilonpca,7,12032.0,
7,10epsilonpca,8,12132.0,
7,10epsilonpca,9,12081.0,
7,10epsilonpca,10,12585.0,
7,50epsilonpca,1,12022.0,
7,50epsilonpca,2,11816.0,
7,50epsilonpca,3,12142.0,
7,50epsilonpca,4,11941.0,
7,50epsilonpca,5,12011.0,
7,50epsilonpca,6,11859.0,
7,50epsilonpca,7,11914.0,
7,50epsilonpca,8,12100.0,
7,50epsilonpca,9,11893.0,
7,50epsilonpca,10,11942.0,
7,100epsilonpca,1,11542.0,
7,100epsilonpca,2,11471.0,
7,100epsilonpca,3,11241.0,
7,100epsilonpca,4,11528.0,
7,100epsilonpca,5,11447.0,
7,100epsilonpca,6,11462.0,
7,100epsilonpca,7,11595.0,
7,100epsilonpca,8,11458.0,
7,100epsilonpca,9,11666.0,
7,100epsilonpca,10,11491.0,
7,closest10kpca,1,17675.0,
7,closest10kpca,2,17675.0,
7,closest10kpca,3,17675.0,
7,closest10kpca,4,17675.0,
7,closest10kpca,5,17675.0,
7,closest10kpca,6,17675.0,
7,closest10kpca,7,17675.0,
7,closest10kpca,8,17675.0,
7,closest10kpca,9,17675.0,
7,closest10kpca,10,17675.0,
7,5epsilongeo,1,,10564.0
7,5epsilongeo,2,,10882.0
7,5epsilongeo,3,,10599.0
7,5epsilongeo,4,,10501.0
7,5epsilongeo,5,,10739.0
7,5epsilongeo,6,,10613.0
7,5epsilongeo,7,,10584.0
7,5epsilongeo,8,,10620.0
7,5epsilongeo,9,,10614.0
7,5epsilongeo,10,,10668.0
7,10epsilongeo,1,,4680.0
7,10epsilongeo,2,,4593.0
7,10epsilongeo,3,,4748.0
7,10epsilongeo,4,,4578.0
7,10epsilongeo,5,,4623.0
7,10epsilongeo,6,,4684.0
7,10epsilongeo,7,,4597.0
7,10epsilongeo,8,,4665.0
7,10epsilongeo,9,,4760.0
7,10epsilongeo,10,,4555.0
7,50epsilongeo,1,,2134.0
7,50epsilongeo,2,,2095.0
7,50epsilongeo,3,,2030.0
7,50epsilongeo,4,,2115.0
7,50epsilongeo,5,,2084.0
7,50epsilongeo,6,,2137.0
7,50epsilongeo,7,,2043.0
7,50epsilongeo,8,,1991.0
7,50epsilongeo,9,,2002.0
7,50epsilongeo,10,,2097.0
7,closest10kgeo,1,,10732.0
7,closest10kgeo,2,,10732.0
7,closest10kgeo,3,,10732.0
7,closest10kgeo,4,,10732.0
7,closest10kgeo,5,,10732.0
7,closest10kgeo,6,,10732.0
7,closest10kgeo,7,,10732.0
7,closest10kgeo,8,,10732.0
7,closest10kgeo,9,,10732.0
7,closest10kgeo,10,,10732.0
7,uniformgeo,1,,2154.0
7,uniformgeo,2,,1986.0
7,uniformgeo,3,,2001.0
7,uniformgeo,4,,2079.0
7,uniformgeo,5,,2045.0
7,uniformgeo,6,,1968.0
7,uniformgeo,7,,2166.0
7,uniformgeo,8,,2156.0
7,uniformgeo,9,,2070.0
7,uniformgeo,10,,2119.0
8,uniform,1,8745.0,
8,uniform,2,8669.0,
8,uniform,3,8700.0,
8,uniform,4,8881.0,
8,uniform,5,8664.0,
8,uniform,6,8680.0,
8,uniform,7,8606.0,
8,uniform,8,8542.0,
8,uniform,9,8435.0,
8,uniform,10,8666.0,
8,5epsilonpca,1,9477.0,
8,5epsilonpca,2,9489.0,
8,5epsilonpca,3,9411.0,
8,5epsilonpca,4,9509.0,
8,5epsilonpca,5,9310.0,
8,5epsilonpca,6,9354.0,
8,5epsilonpca,7,9454.0,
8,5epsilonpca,8,9423.0,
8,5epsilonpca,9,9433.0,
8,5epsilonpca,10,9483.0,
8,10epsilonpca,1,9436.0,
8,10epsilonpca,2,9257.0,
8,10epsilonpca,3,9488.0,
8,10epsilonpca,4,9543.0,
8,10epsilonpca,5,9246.0,
8,10epsilonpca,6,9274.0,
8,10epsilonpca,7,9156.0,
8,10epsilonpca,8,9219.0,
8,10epsilonpca,9,9242.0,
8,10epsilonpca,10,9426.0,
8,50epsilonpca,1,9290.0,
8,50epsilonpca,2,9032.0,
8,50epsilonpca,3,9159.0,
8,50epsilonpca,4,9205.0,
8,50epsilonpca,5,9230.0,
8,50epsilonpca,6,9039.0,
8,50epsilonpca,7,9293.0,
8,50epsilonpca,8,9231.0,
8,50epsilonpca,9,9112.0,
8,50epsilonpca,10,9163.0,
8,100epsilonpca,1,8773.0,
8,100epsilonpca,2,8926.0,
8,100epsilonpca,3,9019.0,
8,100epsilonpca,4,8768.0,
8,100epsilonpca,5,8737.0,
8,100epsilonpca,6,8785.0,
8,100epsilonpca,7,8755.0,
8,100epsilonpca,8,8838.0,
8,100epsilonpca,9,8778.0,
8,100epsilonpca,10,9043.0,
8,closest10kpca,1,13570.0,
8,closest10kpca,2,13570.0,
8,closest10kpca,3,13570.0,
8,closest10kpca,4,13570.0,
8,closest10kpca,5,13570.0,
8,closest10kpca,6,13570.0,
8,closest10kpca,7,13570.0,
8,closest10kpca,8,13570.0,
8,closest10kpca,9,13570.0,
8,closest10kpca,10,13570.0,
8,5epsilongeo,1,,8185.0
8,5epsilongeo,2,,8237.0
8,5epsilongeo,3,,8086.0
8,5epsilongeo,4,,8207.0
8,5epsilongeo,5,,8194.0
8,5epsilongeo,6,,8029.0
8,5epsilongeo,7,,8148.0
8,5epsilongeo,8,,8123.0
8,5epsilongeo,9,,8062.0
8,5epsilongeo,10,,8116.0
8,10epsilongeo,1,,3592.0
8,10epsilongeo,2,,3486.0
8,10epsilongeo,3,,3509.0
8,10epsilongeo,4,,3666.0
8,10epsilongeo,5,,3611.0
8,10epsilongeo,6,,3609.0
8,10epsilongeo,7,,3621.0
8,10epsilongeo,8,,3540.0
8,10epsilongeo,9,,3708.0
8,10epsilongeo,10,,3503.0
8,50epsilongeo,1,,1578.0
8,50epsilongeo,2,,1629.0
8,50epsilongeo,3,,1553.0
8,50epsilongeo,4,,1610.0
8,50epsilongeo,5,,1629.0
8,50epsilongeo,6,,1592.0
8,50epsilongeo,7,,1596.0
8,50epsilongeo,8,,1531.0
8,50epsilongeo,9,,1517.0
8,50epsilongeo,10,,1522.0
8,closest10kgeo,1,,8130.0
8,closest10kgeo,2,,8130.0
8,closest10kgeo,3,,8130.0
8,closest10kgeo,4,,8130.0
8,closest10kgeo,5,,8130.0
8,closest10kgeo,6,,8130.0
8,closest10kgeo,7,,8130.0
8,closest10kgeo,8,,8130.0
8,closest10kgeo,9,,8130.0
8,closest10kgeo,10,,8130.0
8,uniformgeo,1,,1584.0
8,uniformgeo,2,,1526.0
8,uniformgeo,3,,1533.0
8,uniformgeo,4,,1581.0
8,uniformgeo,5,,1577.0
8,uniformgeo,6,,1587.0
8,uniformgeo,7,,1551.0
8,uniformgeo,8,,1632.0
8,uniformgeo,9,,1610.0
8,uniformgeo,10,,1598.0
9,uniform,1,10184.0,
9,uniform,2,10171.0,
9,uniform,3,10188.0,
9,uniform,4,10285.0,
9,uniform,5,9941.0,
9,uniform,6,10154.0,
9,uniform,7,10307.0,
9,uniform,8,9978.0,
9,uniform,9,10157.0,
9,uniform,10,10200.0,
9,5epsilonpca,1,10942.0,
9,5epsilonpca,2,11009.0,
9,5epsilonpca,3,11223.0,
9,5epsilonpca,4,11142.0,
9,5epsilonpca,5,11009.0,
9,5epsilonpca,6,10969.0,
9,5epsilonpca,7,11214.0,
9,5epsilonpca,8,10939.0,
9,5epsilonpca,9,10902.0,
9,5epsilonpca,10,10825.0,
9,10epsilonpca,1,10973.0,
9,10epsilonpca,2,10811.0,
9,10epsilonpca,3,10810.0,
9,10epsilonpca,4,10766.0,
9,10epsilonpca,5,10962.0,
9,10epsilonpca,6,10843.0,
9,10epsilonpca,7,10706.0,
9,10epsilonpca,8,11166.0,
9,10epsilonpca,9,10952.0,
9,10epsilonpca,10,10970.0,
9,50epsilonpca,1,10553.0,
9,50epsilonpca,2,10671.0,
9,50epsilonpca,3,10770.0,
9,50epsilonpca,4,10618.0,
9,50epsilonpca,5,10752.0,
9,50epsilonpca,6,10660.0,
9,50epsilonpca,7,10524.0,
9,50epsilonpca,8,10494.0,
9,50epsilonpca,9,10729.0,
9,50epsilonpca,10,10649.0,
9,100epsilonpca,1,10356.0,
9,100epsilonpca,2,10443.0,
9,100epsilonpca,3,10292.0,
9,100epsilonpca,4,10302.0,
9,100epsilonpca,5,10239.0,
9,100epsilonpca,6,10260.0,
9,100epsilonpca,7,10402.0,
9,100epsilonpca,8,10574.0,
9,100epsilonpca,9,10273.0,
9,100epsilonpca,10,10242.0,
9,closest10kpca,1,15824.0,
9,closest10kpca,2,15824.0,
9,closest10kpca,3,15824.0,
9,closest10kpca,4,15824.0,
9,closest10kpca,5,15824.0,
9,closest10kpca,6,15824.0,
9,closest10kpca,7,15824.0,
9,closest10kpca,8,15824.0,
9,closest10kpca,9,15824.0,
9,closest10kpca,10,15824.0,
9,5epsilongeo,1,,9514.0
9,5epsilongeo,2,,9540.0
9,5epsilongeo,3,,9314.0
9,5epsilongeo,4,,9417.0
9,5epsilongeo,5,,9411.0
9,5epsilongeo,6,,9383.0
9,5epsilongeo,7,,9379.0
9,5epsilongeo,8,,9293.0
9,5epsilongeo,9,,9490.0
9,5epsilongeo,10,,9302.0
9,10epsilongeo,1,,4043.0
9,10epsilongeo,2,,4184.0
9,10epsilongeo,3,,4089.0
9,10epsilongeo,4,,4160.0
9,10epsilongeo,5,,4165.0
9,10epsilongeo,6,,4190.0
9,10epsilongeo,7,,4072.0
9,10epsilongeo,8,,4030.0
9,10epsilongeo,9,,4113.0
9,10epsilongeo,10,,4125.0
9,50epsilongeo,1,,1823.0
9,50epsilongeo,2,,1776.0
9,50epsilongeo,3,,1834.0
9,50epsilongeo,4,,1799.0
9,50epsilongeo,5,,1809.0
9,50epsilongeo,6,,1774.0
9,50epsilongeo,7,,1862.0
9,50epsilongeo,8,,1698.0
9,50epsilongeo,9,,1728.0
9,50epsilongeo,10,,1803.0
9,closest10kgeo,1,,9323.0
9,closest10kgeo,2,,9323.0
9,closest10kgeo,3,,9323.0
9,closest10kgeo,4,,9323.0
9,closest10kgeo,5,,9323.0
9,closest10kgeo,6,,9323.0
9,closest10kgeo,7,,9323.0
9,closest10kgeo,8,,9323.0
9,closest10kgeo,9,,9323.0
9,closest10kgeo,10,,9323.0
9,uniformgeo,1,,1780.0
9,uniformgeo,2,,1780.0
9,uniformgeo,3,,1860.0
9,uniformgeo,4,,1869.0
9,uniformgeo,5,,1871.0
9,uniformgeo,6,,1741.0
9,uniformgeo,7,,1921.0
9,uniformgeo,8,,1873.0
9,uniformgeo,9,,1806.0
9,uniformgeo,10,,1767.0
10,uniform,1,9715.0,
10,uniform,2,9795.0,
10,uniform,3,9690.0,
10,uniform,4,9984.0,
10,uniform,5,9696.0,
10,uniform,6,9935.0,
10,uniform,7,9836.0,
10,uniform,8,9469.0,
10,uniform,9,9632.0,
10,uniform,10,9763.0,
10,5epsilonpca,1,10630.0,
10,5epsilonpca,2,10569.0,
10,5epsilonpca,3,10659.0,
10,5epsilonpca,4,10692.0,
10,5epsilonpca,5,10579.0,
10,5epsilonpca,6,10615.0,
10,5epsilonpca,7,10777.0,
10,5epsilonpca,8,10582.0,
10,5epsilonpca,9,10506.0,
10,5epsilonpca,10,10525.0,
10,10epsilonpca,1,10517.0,
10,10epsilonpca,2,10350.0,
10,10epsilonpca,3,10460.0,
10,10epsilonpca,4,10565.0,
10,10epsilonpca,5,10480.0,
10,10epsilonpca,6,10435.0,
10,10epsilonpca,7,10468.0,
10,10epsilonpca,8,10512.0,
10,10epsilonpca,9,10352.0,
10,10epsilonpca,10,10668.0,
10,50epsilonpca,1,10394.0,
10,50epsilonpca,2,10279.0,
10,50epsilonpca,3,10238.0,
10,50epsilonpca,4,10235.0,
10,50epsilonpca,5,10351.0,
10,50epsilonpca,6,10233.0,
10,50epsilonpca,7,10202.0,
10,50epsilonpca,8,10297.0,
10,50epsilonpca,9,10270.0,
10,50epsilonpca,10,10319.0,
10,100epsilonpca,1,9945.0,
10,100epsilonpca,2,10074.0,
10,100epsilonpca,3,9803.0,
10,100epsilonpca,4,9970.0,
10,100epsilonpca,5,9805.0,
10,100epsilonpca,6,9742.0,
10,100epsilonpca,7,9966.0,
10,100epsilonpca,8,10063.0,
10,100epsilonpca,9,9891.0,
10,100epsilonpca,10,9852.0,
10,closest10kpca,1,15254.0,
10,closest10kpca,2,15254.0,
10,closest10kpca,3,15254.0,
10,closest10kpca,4,15254.0,
10,closest10kpca,5,15254.0,
10,closest10kpca,6,15254.0,
10,closest10kpca,7,15254.0,
10,closest10kpca,8,15254.0,
10,closest10kpca,9,15254.0,
10,closest10kpca,10,15254.0,
10,5epsilongeo,1,,9174.0
10,5epsilongeo,2,,9094.0
10,5epsilongeo,3,,9041.0
10,5epsilongeo,4,,8957.0
10,5epsilongeo,5,,9157.0
10,5epsilongeo,6,,9077.0
10,5epsilongeo,7,,9028.0
10,5epsilongeo,8,,9040.0
10,5epsilongeo,9,,9122.0
10,5epsilongeo,10,,8939.0
10,10epsilongeo,1,,3933.0
10,10epsilongeo,2,,4038.0
10,10epsilongeo,3,,3930.0
10,10epsilongeo,4,,3965.0
10,10epsilongeo,5,,3950.0
10,10epsilongeo,6,,3994.0
10,10epsilongeo,7,,3962.0
10,10epsilongeo,8,,3935.0
10,10epsilongeo,9,,3994.0
10,10epsilongeo,10,,3944.0
10,50epsilongeo,1,,1840.0
10,50epsilongeo,2,,1875.0
10,50epsilongeo,3,,1686.0
10,50epsilongeo,4,,1782.0
10,50epsilongeo,5,,1713.0
10,50epsilongeo,6,,1792.0
10,50epsilongeo,7,,1751.0
10,50epsilongeo,8,,1746.0
10,50epsilongeo,9,,1734.0
10,50epsilongeo,10,,1788.0
10,closest10kgeo,1,,9075.0
10,closest10kgeo,2,,9075.0
10,closest10kgeo,3,,9075.0
10,closest10kgeo,4,,9075.0
10,closest10kgeo,5,,9075.0
10,closest10kgeo,6,,9075.0
10,closest10kgeo,7,,9075.0
10,closest10kgeo,8,,9075.0
10,closest10kgeo,9,,9075.0
10,closest10kgeo,10,,9075.0
10,uniformgeo,1,,1836.0
10,uniformgeo,2,,1785.0
10,uniformgeo,3,,1662.0
10,uniformgeo,4,,1813.0
10,uniformgeo,5,,1687.0
10,uniformgeo,6,,1689.0
10,uniformgeo,7,,1790.0
10,uniformgeo,8,,1772.0
10,uniformgeo,9,,1790.0
10,uniformgeo,10,,1766.0
11,uniform,1,13953.0,
11,uniform,2,14011.0,
11,uniform,3,13796.0,
11,uniform,4,13904.0,
11,uniform,5,13787.0,
11,uniform,6,14026.0,
11,uniform,7,13985.0,
11,uniform,8,13625.0,
11,uniform,9,13962.0,
11,uniform,10,13936.0,
11,5epsilonpca,1,15095.0,
11,5epsilonpca,2,15092.0,
11,5epsilonpca,3,14987.0,
11,5epsilonpca,4,15258.0,
11,5epsilonpca,5,15236.0,
11,5epsilonpca,6,15476.0,
11,5epsilonpca,7,15322.0,
11,5epsilonpca,8,15279.0,
11,5epsilonpca,9,15040.0,
11,5epsilonpca,10,14981.0,
11,10epsilonpca,1,15004.0,
11,10epsilonpca,2,14806.0,
11,10epsilonpca,3,14874.0,
11,10epsilonpca,4,15170.0,
11,10epsilonpca,5,15341.0,
11,10epsilonpca,6,14794.0,
11,10epsilonpca,7,14841.0,
11,10epsilonpca,8,14860.0,
11,10epsilonpca,9,14998.0,
11,10epsilonpca,10,15205.0,
11,50epsilonpca,1,14764.0,
11,50epsilonpca,2,14618.0,
11,50epsilonpca,3,14753.0,
11,50epsilonpca,4,14523.0,
11,50epsilonpca,5,14684.0,
11,50epsilonpca,6,14368.0,
11,50epsilonpca,7,14804.0,
11,50epsilonpca,8,14908.0,
11,50epsilonpca,9,14643.0,
11,50epsilonpca,10,14861.0,
11,100epsilonpca,1,14375.0,
11,100epsilonpca,2,14353.0,
11,100epsilonpca,3,13987.0,
11,100epsilonpca,4,14432.0,
11,100epsilonpca,5,13997.0,
11,100epsilonpca,6,14192.0,
11,100epsilonpca,7,14312.0,
11,100epsilonpca,8,14222.0,
11,100epsilonpca,9,14397.0,
11,100epsilonpca,10,14194.0,
11,closest10kpca,1,21765.0,
11,closest10kpca,2,21765.0,
11,closest10kpca,3,21765.0,
11,closest10kpca,4,21765.0,
11,closest10kpca,5,21765.0,
11,closest10kpca,6,21765.0,
11,closest10kpca,7,21765.0,
11,closest10kpca,8,21765.0,
11,closest10kpca,9,21765.0,
11,closest10kpca,10,21765.0,
11,5epsilongeo,1,,13219.0
11,5epsilongeo,2,,13430.0
11,5epsilongeo,3,,13176.0
11,5epsilongeo,4,,13337.0
11,5epsilongeo,5,,13367.0
11,5epsilongeo,6,,13086.0
11,5epsilongeo,7,,13185.0
11,5epsilongeo,8,,13069.0
11,5epsilongeo,9,,13143.0
11,5epsilongeo,10,,13262.0
11,10epsilongeo,1,,5725.0
11,10epsilongeo,2,,5662.0
11,10epsilongeo,3,,5724.0
11,10epsilongeo,4,,5757.0
11,10epsilongeo,5,,5782.0
11,10epsilongeo,6,,5878.0
11,10epsilongeo,7,,5799.0
11,10epsilongeo,8,,5718.0
11,10epsilongeo,9,,5759.0
11,10epsilongeo,10,,5773.0
11,50epsilongeo,1,,2621.0
11,50epsilongeo,2,,2602.0
11,50epsilongeo,3,,2495.0
11,50epsilongeo,4,,2522.0
11,50epsilongeo,5,,2553.0
11,50epsilongeo,6,,2529.0
11,50epsilongeo,7,,2482.0
11,50epsilongeo,8,,2579.0
11,50epsilongeo,9,,2465.0
11,50epsilongeo,10,,2540.0
11,closest10kgeo,1,,13235.0
11,closest10kgeo,2,,13235.0
11,closest10kgeo,3,,13235.0
11,closest10kgeo,4,,13235.0
11,closest10kgeo,5,,13235.0
11,closest10kgeo,6,,13235.0
11,closest10kgeo,7,,13235.0
11,closest10kgeo,8,,13235.0
11,closest10kgeo,9,,13235.0
11,closest10kgeo,10,,13235.0
11,uniformgeo,1,,2543.0
11,uniformgeo,2,,2525.0
11,uniformgeo,3,,2551.0
11,uniformgeo,4,,2582.0
11,uniformgeo,5,,2457.0
11,uniformgeo,6,,2534.0
11,uniformgeo,7,,2613.0
11,uniformgeo,8,,2532.0
11,uniformgeo,9,,2541.0
11,uniformgeo,10,,2541.0
12,uniform,1,12725.0,
12,uniform,2,12895.0,
12,uniform,3,12603.0,
12,uniform,4,12941.0,
12,uniform,5,12551.0,
12,uniform,6,12672.0,
12,uniform,7,13046.0,
12,uniform,8,12357.0,
12,uniform,9,12791.0,
12,uniform,10,12978.0,
12,5epsilonpca,1,14057.0,
12,5epsilonpca,2,14039.0,
12,5epsilonpca,3,13804.0,
12,5epsilonpca,4,14047.0,
12,5epsilonpca,5,14174.0,
12,5epsilonpca,6,13908.0,
12,5epsilonpca,7,14189.0,
12,5epsilonpca,8,13895.0,
12,5epsilonpca,9,13819.0,
12,5epsilonpca,10,13777.0,
12,10epsilonpca,1,13732.0,
12,10epsilonpca,2,13565.0,
12,10epsilonpca,3,13629.0,
12,10epsilonpca,4,13858.0,
12,10epsilonpca,5,13906.0,
12,10epsilonpca,6,13626.0,
12,10epsilonpca,7,13683.0,
12,10epsilonpca,8,13833.0,
12,10epsilonpca,9,13723.0,
12,10epsilonpca,10,13903.0,
12,50epsilonpca,1,13679.0,
12,50epsilonpca,2,13355.0,
12,50epsilonpca,3,13563.0,
12,50epsilonpca,4,13514.0,
12,50epsilonpca,5,13648.0,
12,50epsilonpca,6,13512.0,
12,50epsilonpca,7,13516.0,
12,50epsilonpca,8,13579.0,
12,50epsilonpca,9,13398.0,
12,50epsilonpca,10,13574.0,
12,100epsilonpca,1,13143.0,
12,100epsilonpca,2,13265.0,
12,100epsilonpca,3,12911.0,
12,100epsilonpca,4,13133.0,
12,100epsilonpca,5,12758.0,
12,100epsilonpca,6,12895.0,
12,100epsilonpca,7,13209.0,
12,100epsilonpca,8,12926.0,
12,100epsilonpca,9,13079.0,
12,100epsilonpca,10,13021.0,
12,closest10kpca,1,19909.0,
12,closest10kpca,2,19909.0,
12,closest10kpca,3,19909.0,
12,closest10kpca,4,19909.0,
12,closest10kpca,5,19909.0,
12,closest10kpca,6,19909.0,
12,closest10kpca,7,19909.0,
12,closest10kpca,8,19909.0,
12,closest10kpca,9,19909.0,
12,closest10kpca,10,19909.0,
12,5epsilongeo,1,,11942.0
12,5epsilongeo,2,,11989.0
12,5epsilongeo,3,,12014.0
12,5epsilongeo,4,,11998.0
12,5epsilongeo,5,,11930.0
12,5epsilongeo,6,,11885.0
12,5epsilongeo,7,,11859.0
12,5epsilongeo,8,,11998.0
12,5epsilongeo,9,,12181.0
12,5epsilongeo,10,,11961.0
12,10epsilongeo,1,,5444.0
12,10epsilongeo,2,,5219.0
12,10epsilongeo,3,,5130.0
12,10epsilongeo,4,,5190.0
12,10epsilongeo,5,,5306.0
12,10epsilongeo,6,,5248.0
12,10epsilongeo,7,,5282.0
12,10epsilongeo,8,,5206.0
12,10epsilongeo,9,,5194.0
12,10epsilongeo,10,,5207.0
12,50epsilongeo,1,,2396.0
12,50epsilongeo,2,,2265.0
12,50epsilongeo,3,,2288.0
12,50epsilongeo,4,,2310.0
12,50epsilongeo,5,,2348.0
12,50epsilongeo,6,,2364.0
12,50epsilongeo,7,,2326.0
12,50epsilongeo,8,,2327.0
12,50epsilongeo,9,,2213.0
12,50epsilongeo,10,,2334.0
12,closest10kgeo,1,,11866.0
12,closest10kgeo,2,,11866.0
12,closest10kgeo,3,,11866.0
12,closest10kgeo,4,,11866.0
12,closest10kgeo,5,,11866.0
12,closest10kgeo,6,,11866.0
12,closest10kgeo,7,,11866.0
12,closest10kgeo,8,,11866.0
12,closest10kgeo,9,,11866.0
12,closest10kgeo,10,,11866.0
12,uniformgeo,1,,2372.0
12,uniformgeo,2,,2218.0
12,uniformgeo,3,,2242.0
12,uniformgeo,4,,2387.0
12,uniformgeo,5,,2326.0
12,uniformgeo,6,,2339.0
12,uniformgeo,7,,2413.0
12,uniformgeo,8,,2369.0
12,uniformgeo,9,,2408.0
12,uniformgeo,10,,2369.0
13,uniform,1,4382.0,
13,uniform,2,4339.0,
13,uniform,3,4284.0,
13,uniform,4,4303.0,
13,uniform,5,4249.0,
13,uniform,6,4311.0,
13,uniform,7,4345.0,
13,uniform,8,4269.0,
13,uniform,9,4319.0,
13,uniform,10,4312.0,
13,5epsilonpca,1,4710.0,
13,5epsilonpca,2,4718.0,
13,5epsilonpca,3,4780.0,
13,5epsilonpca,4,4847.0,
13,5epsilonpca,5,4672.0,
13,5epsilonpca,6,4730.0,
13,5epsilonpca,7,4742.0,
13,5epsilonpca,8,4697.0,
13,5epsilonpca,9,4787.0,
13,5epsilonpca,10,4561.0,
13,10epsilonpca,1,4659.0,
13,10epsilonpca,2,4570.0,
13,10epsilonpca,3,4589.0,
13,10epsilonpca,4,4738.0,
13,10epsilonpca,5,4702.0,
13,10epsilonpca,6,4671.0,
13,10epsilonpca,7,4650.0,
13,10epsilonpca,8,4563.0,
13,10epsilonpca,9,4667.0,
13,10epsilonpca,10,4764.0,
13,50epsilonpca,1,4595.0,
13,50epsilonpca,2,4561.0,
13,50epsilonpca,3,4580.0,
13,50epsilonpca,4,4524.0,
13,50epsilonpca,5,4634.0,
13,50epsilonpca,6,4459.0,
13,50epsilonpca,7,4493.0,
13,50epsilonpca,8,4513.0,
13,50epsilonpca,9,4439.0,
13,50epsilonpca,10,4589.0,
13,100epsilonpca,1,4333.0,
13,100epsilonpca,2,4555.0,
13,100epsilonpca,3,4377.0,
13,100epsilonpca,4,4423.0,
13,100epsilonpca,5,4452.0,
13,100epsilonpca,6,4457.0,
13,100epsilonpca,7,4527.0,
13,100epsilonpca,8,4492.0,
13,100epsilonpca,9,4410.0,
13,100epsilonpca,10,4279.0,
13,closest10kpca,1,6742.0,
13,closest10kpca,2,6742.0,
13,closest10kpca,3,6742.0,
13,closest10kpca,4,6742.0,
13,closest10kpca,5,6742.0,
13,closest10kpca,6,6742.0,
13,closest10kpca,7,6742.0,
13,closest10kpca,8,6742.0,
13,closest10kpca,9,6742.0,
13,closest10kpca,10,6742.0,
13,5epsilongeo,1,,4058.0
13,5epsilongeo,2,,4077.0
13,5epsilongeo,3,,4012.0
13,5epsilongeo,4,,4046.0
13,5epsilongeo,5,,4075.0
13,5epsilongeo,6,,4106.0
13,5epsilongeo,7,,3938.0
13,5epsilongeo,8,,4056.0
13,5epsilongeo,9,,4098.0
13,5epsilongeo,10,,3962.0
13,10epsilongeo,1,,1744.0
13,10epsilongeo,2,,1747.0
13,10epsilongeo,3,,1806.0
13,10epsilongeo,4,,1739.0
13,10epsilongeo,5,,1809.0
13,10epsilongeo,6,,1816.0
13,10epsilongeo,7,,1687.0
13,10epsilongeo,8,,1728.0
13,10epsilongeo,9,,1804.0
13,10epsilongeo,10,,1739.0
13,50epsilongeo,1,,757.0
13,50epsilongeo,2,,800.0
13,50epsilongeo,3,,786.0
13,50epsilongeo,4,,774.0
13,50epsilongeo,5,,815.0
13,50epsilongeo,6,,805.0
13,50epsilongeo,7,,776.0
13,50epsilongeo,8,,778.0
13,50epsilongeo,9,,740.0
13,50epsilongeo,10,,785.0
13,closest10kgeo,1,,3973.0
13,closest10kgeo,2,,3973.0
13,closest10kgeo,3,,3973.0
13,closest10kgeo,4,,3973.0
13,closest10kgeo,5,,3973.0
13,closest10kgeo,6,,3973.0
13,closest10kgeo,7,,3973.0
13,closest10kgeo,8,,3973.0
13,closest10kgeo,9,,3973.0
13,closest10kgeo,10,,3973.0
13,uniformgeo,1,,789.0
13,uniformgeo,2,,748.0
13,uniformgeo,3,,746.0
13,uniformgeo,4,,761.0
13,uniformgeo,5,,771.0
13,uniformgeo,6,,753.0
13,uniformgeo,7,,829.0
13,uniformgeo,8,,840.0
13,uniformgeo,9,,789.0
13,uniformgeo,10,,736.0
14,uniform,1,7511.0,
14,uniform,2,7497.0,
14,uniform,3,7273.0,
14,uniform,4,7474.0,
14,uniform,5,7290.0,
14,uniform,6,7529.0,
14,uniform,7,7484.0,
14,uniform,8,7336.0,
14,uniform,9,7533.0,
14,uniform,10,7214.0,
14,5epsilonpca,1,7995.0,
14,5epsilonpca,2,7959.0,
14,5epsilonpca,3,7944.0,
14,5epsilonpca,4,8092.0,
14,5epsilonpca,5,8178.0,
14,5epsilonpca,6,8109.0,
14,5epsilonpca,7,8271.0,
14,5epsilonpca,8,8075.0,
14,5epsilonpca,9,7989.0,
14,5epsilonpca,10,8111.0,
14,10epsilonpca,1,7856.0,
14,10epsilonpca,2,7976.0,
14,10epsilonpca,3,7807.0,
14,10epsilonpca,4,7862.0,
14,10epsilonpca,5,8116.0,
14,10epsilonpca,6,7981.0,
14,10epsilonpca,7,7797.0,
14,10epsilonpca,8,8048.0,
14,10epsilonpca,9,8011.0,
14,10epsilonpca,10,8081.0,
14,50epsilonpca,1,7784.0,
14,50epsilonpca,2,7814.0,
14,50epsilonpca,3,7963.0,
14,50epsilonpca,4,7636.0,
14,50epsilonpca,5,7795.0,
14,50epsilonpca,6,7876.0,
14,50epsilonpca,7,8115.0,
14,50epsilonpca,8,7851.0,
14,50epsilonpca,9,7794.0,
14,50epsilonpca,10,7931.0,
14,100epsilonpca,1,7579.0,
14,100epsilonpca,2,7672.0,
14,100epsilonpca,3,7486.0,
14,100epsilonpca,4,7616.0,
14,100epsilonpca,5,7491.0,
14,100epsilonpca,6,7721.0,
14,100epsilonpca,7,7376.0,
14,100epsilonpca,8,7589.0,
14,100epsilonpca,9,7617.0,
14,100epsilonpca,10,7480.0,
14,closest10kpca,1,11654.0,
14,closest10kpca,2,11654.0,
14,closest10kpca,3,11654.0,
14,closest10kpca,4,11654.0,
14,closest10kpca,5,11654.0,
14,closest10kpca,6,11654.0,
14,closest10kpca,7,11654.0,
14,closest10kpca,8,11654.0,
14,closest10kpca,9,11654.0,
14,closest10kpca,10,11654.0,
14,5epsilongeo,1,,7074.0
14,5epsilongeo,2,,6967.0
14,5epsilongeo,3,,6894.0
14,5epsilongeo,4,,6948.0
14,5epsilongeo,5,,7021.0
14,5epsilongeo,6,,7044.0
14,5epsilongeo,7,,6910.0
14,5epsilongeo,8,,6934.0
14,5epsilongeo,9,,7039.0
14,5epsilongeo,10,,6911.0
14,10epsilongeo,1,,3027.0
14,10epsilongeo,2,,3085.0
14,10epsilongeo,3,,3045.0
14,10epsilongeo,4,,3077.0
14,10epsilongeo,5,,3095.0
14,10epsilongeo,6,,3129.0
14,10epsilongeo,7,,3183.0
14,10epsilongeo,8,,3075.0
14,10epsilongeo,9,,3054.0
14,10epsilongeo,10,,3077.0
14,50epsilongeo,1,,1357.0
14,50epsilongeo,2,,1402.0
14,50epsilongeo,3,,1325.0
14,50epsilongeo,4,,1400.0
14,50epsilongeo,5,,1353.0
14,50epsilongeo,6,,1423.0
14,50epsilongeo,7,,1371.0
14,50epsilongeo,8,,1341.0
14,50epsilongeo,9,,1259.0
14,50epsilongeo,10,,1304.0
14,closest10kgeo,1,,6996.0
14,closest10kgeo,2,,6996.0
14,closest10kgeo,3,,6996.0
14,closest10kgeo,4,,6996.0
14,closest10kgeo,5,,6996.0
14,closest10kgeo,6,,6996.0
14,closest10kgeo,7,,6996.0
14,closest10kgeo,8,,6996.0
14,closest10kgeo,9,,6996.0
14,closest10kgeo,10,,6996.0
14,uniformgeo,1,,1317.0
14,uniformgeo,2,,1408.0
14,uniformgeo,3,,1281.0
14,uniformgeo,4,,1332.0
14,uniformgeo,5,,1318.0
14,uniformgeo,6,,1335.0
14,uniformgeo,7,,1386.0
14,uniformgeo,8,,1307.0
14,uniformgeo,9,,1350.0
14,uniformgeo,10,,1320.0
15,uniform,1,8427.0,
15,uniform,2,8214.0,
15,uniform,3,8317.0,
15,uniform,4,8390.0,
15,uniform,5,8204.0,
15,uniform,6,8274.0,
15,uniform,7,8564.0,
15,uniform,8,8176.0,
15,uniform,9,8390.0,
15,uniform,10,8366.0,
15,5epsilonpca,1,9019.0,
15,5epsilonpca,2,8939.0,
15,5epsilonpca,3,8904.0,
15,5epsilonpca,4,9040.0,
15,5epsilonpca,5,9089.0,
15,5epsilonpca,6,8939.0,
15,5epsilonpca,7,9237.0,
15,5epsilonpca,8,9192.0,
15,5epsilonpca,9,8941.0,
15,5epsilonpca,10,8789.0,
15,10epsilonpca,1,9004.0,
15,10epsilonpca,2,8975.0,
15,10epsilonpca,3,8774.0,
15,10epsilonpca,4,8989.0,
15,10epsilonpca,5,9065.0,
15,10epsilonpca,6,8969.0,
15,10epsilonpca,7,8808.0,
15,10epsilonpca,8,8922.0,
15,10epsilonpca,9,8814.0,
15,10epsilonpca,10,9051.0,
15,50epsilonpca,1,8799.0,
15,50epsilonpca,2,8703.0,
15,50epsilonpca,3,8879.0,
15,50epsilonpca,4,8731.0,
15,50epsilonpca,5,8768.0,
15,50epsilonpca,6,8820.0,
15,50epsilonpca,7,8628.0,
15,50epsilonpca,8,8831.0,
15,50epsilonpca,9,8896.0,
15,50epsilonpca,10,8648.0,
15,100epsilonpca,1,8545.0,
15,100epsilonpca,2,8354.0,
15,100epsilonpca,3,8332.0,
15,100epsilonpca,4,8633.0,
15,100epsilonpca,5,8386.0,
15,100epsilonpca,6,8516.0,
15,100epsilonpca,7,8342.0,
15,100epsilonpca,8,8486.0,
15,100epsilonpca,9,8544.0,
15,100epsilonpca,10,8310.0,
15,closest10kpca,1,12886.0,
15,closest10kpca,2,12886.0,
15,closest10kpca,3,12886.0,
15,closest10kpca,4,12886.0,
15,closest10kpca,5,12886.0,
15,closest10kpca,6,12886.0,
15,closest10kpca,7,12886.0,
15,closest10kpca,8,12886.0,
15,closest10kpca,9,12886.0,
15,closest10kpca,10,12886.0,
15,5epsilongeo,1,,7666.0
15,5epsilongeo,2,,7808.0
15,5epsilongeo,3,,7736.0
15,5epsilongeo,4,,7790.0
15,5epsilongeo,5,,7703.0
15,5epsilongeo,6,,7613.0
15,5epsilongeo,7,,7652.0
15,5epsilongeo,8,,7717.0
15,5epsilongeo,9,,7733.0
15,5epsilongeo,10,,7704.0
15,10epsilongeo,1,,3397.0
15,10epsilongeo,2,,3474.0
15,10epsilongeo,3,,3416.0
15,10epsilongeo,4,,3431.0
15,10epsilongeo,5,,3338.0
15,10epsilongeo,6,,3384.0
15,10epsilongeo,7,,3336.0
15,10epsilongeo,8,,3330.0
15,10epsilongeo,9,,3411.0
15,10epsilongeo,10,,3301.0
15,50epsilongeo,1,,1442.0
15,50epsilongeo,2,,1542.0
15,50epsilongeo,3,,1545.0
15,50epsilongeo,4,,1518.0
15,50epsilongeo,5,,1459.0
15,50epsilongeo,6,,1509.0
15,50epsilongeo,7,,1509.0
15,50epsilongeo,8,,1445.0
15,50epsilongeo,9,,1409.0
15,50epsilongeo,10,,1475.0
15,closest10kgeo,1,,7697.0
15,closest10kgeo,2,,7697.0
15,closest10kgeo,3,,7697.0
15,closest10kgeo,4,,7697.0
15,closest10kgeo,5,,7697.0
15,closest10kgeo,6,,7697.0
15,closest10kgeo,7,,7697.0
15,closest10kgeo,8,,7697.0
15,closest10kgeo,9,,7697.0
15,closest10kgeo,10,,7697.0
15,uniformgeo,1,,1483.0
15,uniformgeo,2,,1392.0
15,uniformgeo,3,,1408.0
15,uniformgeo,4,,1506.0
15,uniformgeo,5,,1493.0
15,uniformgeo,6,,1505.0
15,uniformgeo,7,,1503.0
15,uniformgeo,8,,1458.0
15,uniformgeo,9,,1523.0
15,uniformgeo,10,,1532.0
16,uniform,1,11224.0,
16,uniform,2,10988.0,
16,uniform,3,11142.0,
16,uniform,4,11282.0,
16,uniform,5,11164.0,
16,uniform,6,11316.0,
16,uniform,7,11359.0,
16,uniform,8,11011.0,
16,uniform,9,11089.0,
16,uniform,10,11127.0,
16,5epsilonpca,1,12042.0,
16,5epsilonpca,2,12135.0,
16,5epsilonpca,3,12210.0,
16,5epsilonpca,4,12309.0,
16,5epsilonpca,5,12243.0,
16,5epsilonpca,6,12240.0,
16,5epsilonpca,7,12302.0,
16,5epsilonpca,8,12259.0,
16,5epsilonpca,9,11996.0,
16,5epsilonpca,10,12057.0,
16,10epsilonpca,1,11952.0,
16,10epsilonpca,2,11999.0,
16,10epsilonpca,3,12117.0,
16,10epsilonpca,4,12193.0,
16,10epsilonpca,5,12245.0,
16,10epsilonpca,6,11955.0,
16,10epsilonpca,7,11985.0,
16,10epsilonpca,8,11964.0,
16,10epsilonpca,9,11966.0,
16,10epsilonpca,10,12137.0,
16,50epsilonpca,1,11750.0,
16,50epsilonpca,2,11924.0,
16,50epsilonpca,3,11851.0,
16,50epsilonpca,4,11725.0,
16,50epsilonpca,5,11741.0,
16,50epsilonpca,6,11741.0,
16,50epsilonpca,7,11899.0,
16,50epsilonpca,8,11773.0,
16,50epsilonpca,9,11701.0,
16,50epsilonpca,10,11747.0,
16,100epsilonpca,1,11442.0,
16,100epsilonpca,2,11644.0,
16,100epsilonpca,3,11303.0,
16,100epsilonpca,4,11509.0,
16,100epsilonpca,5,11326.0,
16,100epsilonpca,6,11376.0,
16,100epsilonpca,7,11468.0,
16,100epsilonpca,8,11600.0,
16,100epsilonpca,9,11329.0,
16,100epsilonpca,10,11325.0,
16,closest10kpca,1,17410.0,
16,closest10kpca,2,17410.0,
16,closest10kpca,3,17410.0,
16,closest10kpca,4,17410.0,
16,closest10kpca,5,17410.0,
16,closest10kpca,6,17410.0,
16,closest10kpca,7,17410.0,
16,closest10kpca,8,17410.0,
16,closest10kpca,9,17410.0,
16,closest10kpca,10,17410.0,
16,5epsilongeo,1,,10493.0
16,5epsilongeo,2,,10671.0
16,5epsilongeo,3,,10425.0
16,5epsilongeo,4,,10527.0
16,5epsilongeo,5,,10497.0
16,5epsilongeo,6,,10684.0
16,5epsilongeo,7,,10429.0
16,5epsilongeo,8,,10740.0
16,5epsilongeo,9,,10596.0
16,5epsilongeo,10,,10381.0
16,10epsilongeo,1,,4559.0
16,10epsilongeo,2,,4542.0
16,10epsilongeo,3,,4668.0
16,10epsilongeo,4,,4643.0
16,10epsilongeo,5,,4598.0
16,10epsilongeo,6,,4552.0
16,10epsilongeo,7,,4624.0
16,10epsilongeo,8,,4481.0
16,10epsilongeo,9,,4681.0
16,10epsilongeo,10,,4511.0
16,50epsilongeo,1,,2027.0
16,50epsilongeo,2,,2067.0
16,50epsilongeo,3,,2096.0
16,50epsilongeo,4,,2042.0
16,50epsilongeo,5,,2074.0
16,50epsilongeo,6,,1969.0
16,50epsilongeo,7,,1992.0
16,50epsilongeo,8,,2041.0
16,50epsilongeo,9,,1969.0
16,50epsilongeo,10,,2013.0
16,closest10kgeo,1,,10487.0
16,closest10kgeo,2,,10487.0
16,closest10kgeo,3,,10487.0
16,closest10kgeo,4,,10487.0
16,closest10kgeo,5,,10487.0
16,closest10kgeo,6,,10487.0
16,closest10kgeo,7,,10487.0
16,closest10kgeo,8,,10487.0
16,closest10kgeo,9,,10487.0
16,closest10kgeo,10,,10487.0
16,uniformgeo,1,,2034.0
16,uniformgeo,2,,2086.0
16,uniformgeo,3,,1972.0
16,uniformgeo,4,,2065.0
16,uniformgeo,5,,1977.0
16,uniformgeo,6,,2031.0
16,uniformgeo,7,,2007.0
16,uniformgeo,8,,2010.0
16,uniformgeo,9,,2130.0
16,uniformgeo,10,,1991.0
17,uniform,1,13631.0,
17,uniform,2,13521.0,
17,uniform,3,13577.0,
17,uniform,4,13837.0,
17,uniform,5,13546.0,
17,uniform,6,13881.0,
17,uniform,7,13684.0,
17,uniform,8,13567.0,
17,uniform,9,13721.0,
17,uniform,10,13658.0,
17,5epsilonpca,1,14836.0,
17,5epsilonpca,2,15015.0,
17,5epsilonpca,3,14802.0,
17,5epsilonpca,4,14803.0,
17,5epsilonpca,5,14877.0,
17,5epsilonpca,6,14800.0,
17,5epsilonpca,7,15126.0,
17,5epsilonpca,8,14844.0,
17,5epsilonpca,9,14642.0,
17,5epsilonpca,10,14722.0,
17,10epsilonpca,1,14482.0,
17,10epsilonpca,2,14758.0,
17,10epsilonpca,3,14760.0,
17,10epsilonpca,4,14545.0,
17,10epsilonpca,5,14798.0,
17,10epsilonpca,6,14549.0,
17,10epsilonpca,7,14621.0,
17,10epsilonpca,8,14711.0,
17,10epsilonpca,9,14498.0,
17,10epsilonpca,10,14571.0,
17,50epsilonpca,1,14613.0,
17,50epsilonpca,2,14470.0,
17,50epsilonpca,3,14320.0,
17,50epsilonpca,4,14321.0,
17,50epsilonpca,5,14307.0,
17,50epsilonpca,6,14038.0,
17,50epsilonpca,7,14043.0,
17,50epsilonpca,8,14403.0,
17,50epsilonpca,9,14288.0,
17,50epsilonpca,10,14238.0,
17,100epsilonpca,1,14104.0,
17,100epsilonpca,2,13814.0,
17,100epsilonpca,3,13744.0,
17,100epsilonpca,4,14108.0,
17,100epsilonpca,5,14008.0,
17,100epsilonpca,6,13885.0,
17,100epsilonpca,7,14018.0,
17,100epsilonpca,8,14017.0,
17,100epsilonpca,9,13941.0,
17,100epsilonpca,10,13856.0,
17,closest10kpca,1,21210.0,
17,closest10kpca,2,21210.0,
17,closest10kpca,3,21210.0,
17,closest10kpca,4,21210.0,
17,closest10kpca,5,21210.0,
17,closest10kpca,6,21210.0,
17,closest10kpca,7,21210.0,
17,closest10kpca,8,21210.0,
17,closest10kpca,9,21210.0,
17,closest10kpca,10,21210.0,
17,5epsilongeo,1,,12853.0
17,5epsilongeo,2,,12600.0
17,5epsilongeo,3,,12894.0
17,5epsilongeo,4,,12820.0
17,5epsilongeo,5,,12787.0
17,5epsilongeo,6,,12841.0
17,5epsilongeo,7,,12704.0
17,5epsilongeo,8,,12799.0
17,5epsilongeo,9,,12896.0
17,5epsilongeo,10,,12662.0
17,10epsilongeo,1,,5591.0
17,10epsilongeo,2,,5586.0
17,10epsilongeo,3,,5654.0
17,10epsilongeo,4,,5582.0
17,10epsilongeo,5,,5652.0
17,10epsilongeo,6,,5580.0
17,10epsilongeo,7,,5555.0
17,10epsilongeo,8,,5588.0
17,10epsilongeo,9,,5639.0
17,10epsilongeo,10,,5479.0
17,50epsilongeo,1,,2520.0
17,50epsilongeo,2,,2472.0
17,50epsilongeo,3,,2407.0
17,50epsilongeo,4,,2351.0
17,50epsilongeo,5,,2640.0
17,50epsilongeo,6,,2469.0
17,50epsilongeo,7,,2499.0
17,50epsilongeo,8,,2462.0
17,50epsilongeo,9,,2437.0
17,50epsilongeo,10,,2503.0
17,closest10kgeo,1,,12575.0
17,closest10kgeo,2,,12575.0
17,closest10kgeo,3,,12575.0
17,closest10kgeo,4,,12575.0
17,closest10kgeo,5,,12575.0
17,closest10kgeo,6,,12575.0
17,closest10kgeo,7,,12575.0
17,closest10kgeo,8,,12575.0
17,closest10kgeo,9,,12575.0
17,closest10kgeo,10,,12575.0
17,uniformgeo,1,,2547.0
17,uniformgeo,2,,2371.0
17,uniformgeo,3,,2427.0
17,uniformgeo,4,,2447.0
17,uniformgeo,5,,2440.0
17,uniformgeo,6,,2427.0
17,uniformgeo,7,,2513.0
17,uniformgeo,8,,2481.0
17,uniformgeo,9,,2496.0
17,uniformgeo,10,,2369.0
18,uniform,1,3938.0,
18,uniform,2,3869.0,
18,uniform,3,3816.0,
18,uniform,4,3983.0,
18,uniform,5,3855.0,
18,uniform,6,3930.0,
18,uniform,7,4101.0,
18,uniform,8,3694.0,
18,uniform,9,3836.0,
18,uniform,10,3856.0,
18,5epsilonpca,1,4306.0,
18,5epsilonpca,2,4225.0,
18,5epsilonpca,3,4186.0,
18,5epsilonpca,4,4233.0,
18,5epsilonpca,5,4308.0,
18,5epsilonpca,6,4214.0,
18,5epsilonpca,7,4320.0,
18,5epsilonpca,8,4209.0,
18,5epsilonpca,9,4295.0,
18,5epsilonpca,10,4227.0,
18,10epsilonpca,1,4203.0,
18,10epsilonpca,2,4060.0,
18,10epsilonpca,3,4117.0,
18,10epsilonpca,4,4366.0,
18,10epsilonpca,5,4213.0,
18,10epsilonpca,6,4039.0,
18,10epsilonpca,7,4146.0,
18,10epsilonpca,8,4178.0,
18,10epsilonpca,9,4116.0,
18,10epsilonpca,10,4149.0,
18,50epsilonpca,1,4174.0,
18,50epsilonpca,2,4008.0,
18,50epsilonpca,3,4157.0,
18,50epsilonpca,4,3997.0,
18,50epsilonpca,5,4064.0,
18,50epsilonpca,6,3993.0,
18,50epsilonpca,7,4065.0,
18,50epsilonpca,8,4105.0,
18,50epsilonpca,9,4115.0,
18,50epsilonpca,10,3995.0,
18,100epsilonpca,1,3922.0,
18,100epsilonpca,2,4015.0,
18,100epsilonpca,3,3855.0,
18,100epsilonpca,4,4070.0,
18,100epsilonpca,5,3928.0,
18,100epsilonpca,6,3925.0,
18,100epsilonpca,7,4078.0,
18,100epsilonpca,8,3938.0,
18,100epsilonpca,9,3918.0,
18,100epsilonpca,10,3929.0,
18,closest10kpca,1,6048.0,
18,closest10kpca,2,6048.0,
18,closest10kpca,3,6048.0,
18,closest10kpca,4,6048.0,
18,closest10kpca,5,6048.0,
18,closest10kpca,6,6048.0,
18,closest10kpca,7,6048.0,
18,closest10kpca,8,6048.0,
18,closest10kpca,9,6048.0,
18,closest10kpca,10,6048.0,
18,5epsilongeo,1,,3594.0
18,5epsilongeo,2,,3607.0
18,5epsilongeo,3,,3588.0
18,5epsilongeo,4,,3526.0
18,5epsilongeo,5,,3605.0
18,5epsilongeo,6,,3638.0
18,5epsilongeo,7,,3505.0
18,5epsilongeo,8,,3557.0
18,5epsilongeo,9,,3577.0
18,5epsilongeo,10,,3572.0
18,10epsilongeo,1,,1556.0
18,10epsilongeo,2,,1631.0
18,10epsilongeo,3,,1546.0
18,10epsilongeo,4,,1557.0
18,10epsilongeo,5,,1559.0
18,10epsilongeo,6,,1577.0
18,10epsilongeo,7,,1546.0
18,10epsilongeo,8,,1586.0
18,10epsilongeo,9,,1510.0
18,10epsilongeo,10,,1561.0
18,50epsilongeo,1,,732.0
18,50epsilongeo,2,,726.0
18,50epsilongeo,3,,711.0
18,50epsilongeo,4,,691.0
18,50epsilongeo,5,,644.0
18,50epsilongeo,6,,644.0
18,50epsilongeo,7,,682.0
18,50epsilongeo,8,,682.0
18,50epsilongeo,9,,678.0
18,50epsilongeo,10,,695.0
18,closest10kgeo,1,,3615.0
18,closest10kgeo,2,,3615.0
18,closest10kgeo,3,,3615.0
18,closest10kgeo,4,,3615.0
18,closest10kgeo,5,,3615.0
18,closest10kgeo,6,,3615.0
18,closest10kgeo,7,,3615.0
18,closest10kgeo,8,,3615.0
18,closest10kgeo,9,,3615.0
18,closest10kgeo,10,,3615.0
18,uniformgeo,1,,690.0
18,uniformgeo,2,,685.0
18,uniformgeo,3,,672.0
18,uniformgeo,4,,672.0
18,uniformgeo,5,,654.0
18,uniformgeo,6,,699.0
18,uniformgeo,7,,727.0
18,uniformgeo,8,,724.0
18,uniformgeo,9,,668.0
18,uniformgeo,10,,677.0
19,uniform,1,15270.0,
19,uniform,2,15271.0,
19,uniform,3,15234.0,
19,uniform,4,15440.0,
19,uniform,5,15080.0,
19,uniform,6,15479.0,
19,uniform,7,15432.0,
19,uniform,8,15047.0,
19,uniform,9,15364.0,
19,uniform,10,15365.0,
19,5epsilonpca,1,17045.0,
19,5epsilonpca,2,16289.0,
19,5epsilonpca,3,16736.0,
19,5epsilonpca,4,16503.0,
19,5epsilonpca,5,16743.0,
19,5epsilonpca,6,16992.0,
19,5epsilonpca,7,16904.0,
19,5epsilonpca,8,16919.0,
19,5epsilonpca,9,16441.0,
19,5epsilonpca,10,16275.0,
19,10epsilonpca,1,16211.0,
19,10epsilonpca,2,16317.0,
19,10epsilonpca,3,16282.0,
19,10epsilonpca,4,16496.0,
19,10epsilonpca,5,16756.0,
19,10epsilonpca,6,16275.0,
19,10epsilonpca,7,16588.0,
19,10epsilonpca,8,16579.0,
19,10epsilonpca,9,16144.0,
19,10epsilonpca,10,16994.0,
19,50epsilonpca,1,16313.0,
19,50epsilonpca,2,16252.0,
19,50epsilonpca,3,16265.0,
19,50epsilonpca,4,16219.0,
19,50epsilonpca,5,16052.0,
19,50epsilonpca,6,15921.0,
19,50epsilonpca,7,16359.0,
19,50epsilonpca,8,16230.0,
19,50epsilonpca,9,15932.0,
19,50epsilonpca,10,16183.0,
19,100epsilonpca,1,15775.0,
19,100epsilonpca,2,15820.0,
19,100epsilonpca,3,15689.0,
19,100epsilonpca,4,15797.0,
19,100epsilonpca,5,15341.0,
19,100epsilonpca,6,15451.0,
19,100epsilonpca,7,15760.0,
19,100epsilonpca,8,15519.0,
19,100epsilonpca,9,15925.0,
19,100epsilonpca,10,15320.0,
19,closest10kpca,1,23887.0,
19,closest10kpca,2,23887.0,
19,closest10kpca,3,23887.0,
19,closest10kpca,4,23887.0,
19,closest10kpca,5,23887.0,
19,closest10kpca,6,23887.0,
19,closest10kpca,7,23887.0,
19,closest10kpca,8,23887.0,
19,closest10kpca,9,23887.0,
19,closest10kpca,10,23887.0,
19,5epsilongeo,1,,14546.0
19,5epsilongeo,2,,14509.0
19,5epsilongeo,3,,14456.0
19,5epsilongeo,4,,14424.0
19,5epsilongeo,5,,14593.0
19,5epsilongeo,6,,14552.0
19,5epsilongeo,7,,14349.0
19,5epsilongeo,8,,14376.0
19,5epsilongeo,9,,14552.0
19,5epsilongeo,10,,14231.0
19,10epsilongeo,1,,6245.0
19,10epsilongeo,2,,6300.0
19,10epsilongeo,3,,6317.0
19,10epsilongeo,4,,6284.0
19,10epsilongeo,5,,6263.0
19,10epsilongeo,6,,6288.0
19,10epsilongeo,7,,6258.0
19,10epsilongeo,8,,6268.0
19,10epsilongeo,9,,6351.0
19,10epsilongeo,10,,6313.0
19,50epsilongeo,1,,2738.0
19,50epsilongeo,2,,2918.0
19,50epsilongeo,3,,2818.0
19,50epsilongeo,4,,2807.0
19,50epsilongeo,5,,2788.0
19,50epsilongeo,6,,2780.0
19,50epsilongeo,7,,2726.0
19,50epsilongeo,8,,2705.0
19,50epsilongeo,9,,2661.0
19,50epsilongeo,10,,2848.0
19,closest10kgeo,1,,14323.0
19,closest10kgeo,2,,14323.0
19,closest10kgeo,3,,14323.0
19,closest10kgeo,4,,14323.0
19,closest10kgeo,5,,14323.0
19,closest10kgeo,6,,14323.0
19,closest10kgeo,7,,14323.0
19,closest10kgeo,8,,14323.0
19,closest10kgeo,9,,14323.0
19,closest10kgeo,10,,14323.0
19,uniformgeo,1,,2816.0
19,uniformgeo,2,,2762.0
19,uniformgeo,3,,2695.0
19,uniformgeo,4,,2841.0
19,uniformgeo,5,,2838.0
19,uniformgeo,6,,2805.0
19,uniformgeo,7,,2814.0
19,uniformgeo,8,,2831.0
19,uniformgeo,9,,2827.0
19,uniformgeo,10,,2754.0
20,uniform,1,6130.0,
20,uniform,2,5949.0,
20,uniform,3,5915.0,
20,uniform,4,6031.0,
20,uniform,5,5953.0,
20,uniform,6,6101.0,
20,uniform,7,6061.0,
20,uniform,8,5888.0,
20,uniform,9,5985.0,
20,uniform,10,5948.0,
20,5epsilonpca,1,6606.0,
20,5epsilonpca,2,6521.0,
20,5epsilonpca,3,6489.0,
20,5epsilonpca,4,6611.0,
20,5epsilonpca,5,6584.0,
20,5epsilonpca,6,6476.0,
20,5epsilonpca,7,6530.0,
20,5epsilonpca,8,6601.0,
20,5epsilonpca,9,6520.0,
20,5epsilonpca,10,6442.0,
20,10epsilonpca,1,6513.0,
20,10epsilonpca,2,6297.0,
20,10epsilonpca,3,6626.0,
20,10epsilonpca,4,6482.0,
20,10epsilonpca,5,6557.0,
20,10epsilonpca,6,6363.0,
20,10epsilonpca,7,6382.0,
20,10epsilonpca,8,6390.0,
20,10epsilonpca,9,6468.0,
20,10epsilonpca,10,6598.0,
20,50epsilonpca,1,6367.0,
20,50epsilonpca,2,6087.0,
20,50epsilonpca,3,6289.0,
20,50epsilonpca,4,6301.0,
20,50epsilonpca,5,6385.0,
20,50epsilonpca,6,6221.0,
20,50epsilonpca,7,6357.0,
20,50epsilonpca,8,6447.0,
20,50epsilonpca,9,6064.0,
20,50epsilonpca,10,6530.0,
20,100epsilonpca,1,6032.0,
20,100epsilonpca,2,6257.0,
20,100epsilonpca,3,6096.0,
20,100epsilonpca,4,6201.0,
20,100epsilonpca,5,5923.0,
20,100epsilonpca,6,6097.0,
20,100epsilonpca,7,6163.0,
20,100epsilonpca,8,6105.0,
20,100epsilonpca,9,6207.0,
20,100epsilonpca,10,5962.0,
20,closest10kpca,1,9480.0,
20,closest10kpca,2,9480.0,
20,closest10kpca,3,9480.0,
20,closest10kpca,4,9480.0,
20,closest10kpca,5,9480.0,
20,closest10kpca,6,9480.0,
20,closest10kpca,7,9480.0,
20,closest10kpca,8,9480.0,
20,closest10kpca,9,9480.0,
20,closest10kpca,10,9480.0,
20,5epsilongeo,1,,5577.0
20,5epsilongeo,2,,5594.0
20,5epsilongeo,3,,5605.0
20,5epsilongeo,4,,5491.0
20,5epsilongeo,5,,5529.0
20,5epsilongeo,6,,5499.0
20,5epsilongeo,7,,5621.0
20,5epsilongeo,8,,5561.0
20,5epsilongeo,9,,5760.0
20,5epsilongeo,10,,5542.0
20,10epsilongeo,1,,2498.0
20,10epsilongeo,2,,2545.0
20,10epsilongeo,3,,2415.0
20,10epsilongeo,4,,2508.0
20,10epsilongeo,5,,2391.0
20,10epsilongeo,6,,2469.0
20,10epsilongeo,7,,2345.0
20,10epsilongeo,8,,2427.0
20,10epsilongeo,9,,2478.0
20,10epsilongeo,10,,2412.0
20,50epsilongeo,1,,1066.0
20,50epsilongeo,2,,1076.0
20,50epsilongeo,3,,1074.0
20,50epsilongeo,4,,1105.0
20,50epsilongeo,5,,1087.0
20,50epsilongeo,6,,1055.0
20,50epsilongeo,7,,1074.0
20,50epsilongeo,8,,1065.0
20,50epsilongeo,9,,1018.0
20,50epsilongeo,10,,1114.0
20,closest10kgeo,1,,5532.0
20,closest10kgeo,2,,5532.0
20,closest10kgeo,3,,5532.0
20,closest10kgeo,4,,5532.0
20,closest10kgeo,5,,5532.0
20,closest10kgeo,6,,5532.0
20,closest10kgeo,7,,5532.0
20,closest10kgeo,8,,5532.0
20,closest10kgeo,9,,5532.0
20,closest10kgeo,10,,5532.0
20,uniformgeo,1,,1096.0
20,uniformgeo,2,,1060.0
20,uniformgeo,3,,1077.0
20,uniformgeo,4,,1130.0
20,uniformgeo,5,,1056.0
20,uniformgeo,6,,1072.0
20,uniformgeo,7,,1087.0
20,uniformgeo,8,,1179.0
20,uniformgeo,9,,1192.0
20,uniformgeo,10,,1048.0
21,uniform,1,2413.0,
21,uniform,2,2425.0,
21,uniform,3,2456.0,
21,uniform,4,2486.0,
21,uniform,5,2351.0,
21,uniform,6,2449.0,
21,uniform,7,2362.0,
21,uniform,8,2326.0,
21,uniform,9,2353.0,
21,uniform,10,2394.0,
21,5epsilonpca,1,2655.0,
21,5epsilonpca,2,2561.0,
21,5epsilonpca,3,2652.0,
21,5epsilonpca,4,2671.0,
21,5epsilonpca,5,2697.0,
21,5epsilonpca,6,2599.0,
21,5epsilonpca,7,2651.0,
21,5epsilonpca,8,2628.0,
21,5epsilonpca,9,2599.0,
21,5epsilonpca,10,2619.0,
21,10epsilonpca,1,2567.0,
21,10epsilonpca,2,2645.0,
21,10epsilonpca,3,2596.0,
21,10epsilonpca,4,2619.0,
21,10epsilonpca,5,2626.0,
21,10epsilonpca,6,2676.0,
21,10epsilonpca,7,2510.0,
21,10epsilonpca,8,2643.0,
21,10epsilonpca,9,2569.0,
21,10epsilonpca,10,2612.0,
21,50epsilonpca,1,2465.0,
21,50epsilonpca,2,2525.0,
21,50epsilonpca,3,2539.0,
21,50epsilonpca,4,2481.0,
21,50epsilonpca,5,2576.0,
21,50epsilonpca,6,2550.0,
21,50epsilonpca,7,2597.0,
21,50epsilonpca,8,2533.0,
21,50epsilonpca,9,2502.0,
21,50epsilonpca,10,2654.0,
21,100epsilonpca,1,2500.0,
21,100epsilonpca,2,2451.0,
21,100epsilonpca,3,2455.0,
21,100epsilonpca,4,2549.0,
21,100epsilonpca,5,2464.0,
21,100epsilonpca,6,2490.0,
21,100epsilonpca,7,2506.0,
21,100epsilonpca,8,2510.0,
21,100epsilonpca,9,2499.0,
21,100epsilonpca,10,2457.0,
21,closest10kpca,1,3867.0,
21,closest10kpca,2,3867.0,
21,closest10kpca,3,3867.0,
21,closest10kpca,4,3867.0,
21,closest10kpca,5,3867.0,
21,closest10kpca,6,3867.0,
21,closest10kpca,7,3867.0,
21,closest10kpca,8,3867.0,
21,closest10kpca,9,3867.0,
21,closest10kpca,10,3867.0,
21,5epsilongeo,1,,2234.0
21,5epsilongeo,2,,2288.0
21,5epsilongeo,3,,2232.0
21,5epsilongeo,4,,2279.0
21,5epsilongeo,5,,2263.0
21,5epsilongeo,6,,2351.0
21,5epsilongeo,7,,2247.0
21,5epsilongeo,8,,2264.0
21,5epsilongeo,9,,2364.0
21,5epsilongeo,10,,2345.0
21,10epsilongeo,1,,982.0
21,10epsilongeo,2,,994.0
21,10epsilongeo,3,,969.0
21,10epsilongeo,4,,1006.0
21,10epsilongeo,5,,1001.0
21,10epsilongeo,6,,1013.0
21,10epsilongeo,7,,1051.0
21,10epsilongeo,8,,991.0
21,10epsilongeo,9,,1048.0
21,10epsilongeo,10,,992.0
21,50epsilongeo,1,,422.0
21,50epsilongeo,2,,441.0
21,50epsilongeo,3,,451.0
21,50epsilongeo,4,,469.0
21,50epsilongeo,5,,432.0
21,50epsilongeo,6,,422.0
21,50epsilongeo,7,,456.0
21,50epsilongeo,8,,430.0
21,50epsilongeo,9,,465.0
21,50epsilongeo,10,,471.0
21,closest10kgeo,1,,2282.0
21,closest10kgeo,2,,2282.0
21,closest10kgeo,3,,2282.0
21,closest10kgeo,4,,2282.0
21,closest10kgeo,5,,2282.0
21,closest10kgeo,6,,2282.0
21,closest10kgeo,7,,2282.0
21,closest10kgeo,8,,2282.0
21,closest10kgeo,9,,2282.0
21,closest10kgeo,10,,2282.0
21,uniformgeo,1,,433.0
21,uniformgeo,2,,392.0
21,uniformgeo,3,,415.0
21,uniformgeo,4,,410.0
21,uniformgeo,5,,425.0
21,uniformgeo,6,,436.0
21,uniformgeo,7,,507.0
21,uniformgeo,8,,447.0
21,uniformgeo,9,,425.0
21,uniformgeo,10,,419.0
22,uniform,1,5102.0,
22,uniform,2,5262.0,
22,uniform,3,5229.0,
22,uniform,4,5242.0,
22,uniform,5,5231.0,
22,uniform,6,5174.0,
22,uniform,7,5291.0,
22,uniform,8,5159.0,
22,uniform,9,5355.0,
22,uniform,10,5295.0,
22,5epsilonpca,1,5639.0,
22,5epsilonpca,2,5751.0,
22,5epsilonpca,3,5678.0,
22,5epsilonpca,4,5679.0,
22,5epsilonpca,5,5796.0,
22,5epsilonpca,6,5707.0,
22,5epsilonpca,7,5928.0,
22,5epsilonpca,8,5817.0,
22,5epsilonpca,9,5704.0,
22,5epsilonpca,10,5722.0,
22,10epsilonpca,1,5688.0,
22,10epsilonpca,2,5594.0,
22,10epsilonpca,3,5693.0,
22,10epsilonpca,4,5687.0,
22,10epsilonpca,5,5666.0,
22,10epsilonpca,6,5659.0,
22,10epsilonpca,7,5527.0,
22,10epsilonpca,8,5668.0,
22,10epsilonpca,9,5583.0,
22,10epsilonpca,10,5630.0,
22,50epsilonpca,1,5580.0,
22,50epsilonpca,2,5577.0,
22,50epsilonpca,3,5669.0,
22,50epsilonpca,4,5566.0,
22,50epsilonpca,5,5492.0,
22,50epsilonpca,6,5580.0,
22,50epsilonpca,7,5634.0,
22,50epsilonpca,8,5517.0,
22,50epsilonpca,9,5464.0,
22,50epsilonpca,10,5626.0,
22,100epsilonpca,1,5301.0,
22,100epsilonpca,2,5420.0,
22,100epsilonpca,3,5296.0,
22,100epsilonpca,4,5497.0,
22,100epsilonpca,5,5356.0,
22,100epsilonpca,6,5386.0,
22,100epsilonpca,7,5422.0,
22,100epsilonpca,8,5385.0,
22,100epsilonpca,9,5572.0,
22,100epsilonpca,10,5355.0,
22,closest10kpca,1,8242.0,
22,closest10kpca,2,8242.0,
22,closest10kpca,3,8242.0,
22,closest10kpca,4,8242.0,
22,closest10kpca,5,8242.0,
22,closest10kpca,6,8242.0,
22,closest10kpca,7,8242.0,
22,closest10kpca,8,8242.0,
22,closest10kpca,9,8242.0,
22,closest10kpca,10,8242.0,
22,5epsilongeo,1,,4923.0
22,5epsilongeo,2,,4776.0
22,5epsilongeo,3,,4793.0
22,5epsilongeo,4,,4912.0
22,5epsilongeo,5,,4941.0
22,5epsilongeo,6,,4862.0
22,5epsilongeo,7,,4869.0
22,5epsilongeo,8,,4811.0
22,5epsilongeo,9,,4890.0
22,5epsilongeo,10,,4913.0
22,10epsilongeo,1,,2134.0
22,10epsilongeo,2,,2079.0
22,10epsilongeo,3,,2095.0
22,10epsilongeo,4,,2089.0
22,10epsilongeo,5,,2050.0
22,10epsilongeo,6,,2169.0
22,10epsilongeo,7,,2136.0
22,10epsilongeo,8,,2143.0
22,10epsilongeo,9,,2137.0
22,10epsilongeo,10,,2061.0
22,50epsilongeo,1,,979.0
22,50epsilongeo,2,,951.0
22,50epsilongeo,3,,939.0
22,50epsilongeo,4,,935.0
22,50epsilongeo,5,,923.0
22,50epsilongeo,6,,944.0
22,50epsilongeo,7,,916.0
22,50epsilongeo,8,,943.0
22,50epsilongeo,9,,923.0
22,50epsilongeo,10,,932.0
22,closest10kgeo,1,,4801.0
22,closest10kgeo,2,,4801.0
22,closest10kgeo,3,,4801.0
22,closest10kgeo,4,,4801.0
22,closest10kgeo,5,,4801.0
22,closest10kgeo,6,,4801.0
22,closest10kgeo,7,,4801.0
22,closest10kgeo,8,,4801.0
22,closest10kgeo,9,,4801.0
22,closest10kgeo,10,,4801.0
22,uniformgeo,1,,939.0
22,uniformgeo,2,,913.0
22,uniformgeo,3,,901.0
22,uniformgeo,4,,925.0
22,uniformgeo,5,,960.0
22,uniformgeo,6,,906.0
22,uniformgeo,7,,993.0
22,uniformgeo,8,,972.0
22,uniformgeo,9,,957.0
22,uniformgeo,10,,921.0
