snp,scenario,seed,freq
4:142029201:G:C,uniform,1,0.0
6:32976837:C:T,uniform,1,0.0
12:64222257:G:A,uniform,1,0.0
6:46825518:T:C,uniform,1,0.0
4:47626401:T:C,uniform,1,0.0
19:2247079:T:C,uniform,1,0.0
17:42166577:T:C,uniform,1,0.0
12:120552446:A:G,uniform,1,0.0
18:13092468:T:C,uniform,1,0.0
14:23576981:A:T,uniform,1,0.0
17:2980255:A:G,uniform,1,5.001e-05
7:85042326:C:A,uniform,1,5.008e-05
15:84890591:T:C,uniform,1,0.0
1:177958361:G:C,uniform,1,0.0
9:21803031:C:T,uniform,1,0.0
9:65738415:A:G,uniform,1,0.0
12:112869835:G:A,uniform,1,5e-05
4:119027357:T:A,uniform,1,0.0
6:32170167:G:T,uniform,1,0.0
17:49717769:A:G,uniform,1,0.0
4:118833785:G:A,uniform,1,0.0
2:65104686:A:G,uniform,1,0.0
9:134045218:G:A,uniform,1,0.0001
5:129654328:C:T,uniform,1,0.0
19:48837433:C:A,uniform,1,0.0
4:142029201:G:C,uniform,2,0.0
6:32976837:C:T,uniform,2,0.0001
12:64222257:G:A,uniform,2,0.0
6:46825518:T:C,uniform,2,0.0
4:47626401:T:C,uniform,2,0.0
19:2247079:T:C,uniform,2,0.0
17:42166577:T:C,uniform,2,0.0
12:120552446:A:G,uniform,2,0.0
18:13092468:T:C,uniform,2,0.0
14:23576981:A:T,uniform,2,0.0
17:2980255:A:G,uniform,2,5e-05
7:85042326:C:A,uniform,2,0.0
15:84890591:T:C,uniform,2,0.0
1:177958361:G:C,uniform,2,0.0
9:21803031:C:T,uniform,2,0.0
9:65738415:A:G,uniform,2,0.0
12:112869835:G:A,uniform,2,0.00015
4:119027357:T:A,uniform,2,0.0
6:32170167:G:T,uniform,2,0.0
17:49717769:A:G,uniform,2,0.0
4:118833785:G:A,uniform,2,0.0
2:65104686:A:G,uniform,2,0.0
9:134045218:G:A,uniform,2,0.0
5:129654328:C:T,uniform,2,0.0001
19:48837433:C:A,uniform,2,0.0
4:142029201:G:C,uniform,3,0.0
6:32976837:C:T,uniform,3,0.0
12:64222257:G:A,uniform,3,0.0
6:46825518:T:C,uniform,3,0.0
4:47626401:T:C,uniform,3,0.0
19:2247079:T:C,uniform,3,5.001e-05
17:42166577:T:C,uniform,3,0.0
12:120552446:A:G,uniform,3,0.0
18:13092468:T:C,uniform,3,0.0
14:23576981:A:T,uniform,3,0.0
17:2980255:A:G,uniform,3,0.0
7:85042326:C:A,uniform,3,0.0
15:84890591:T:C,uniform,3,0.0
1:177958361:G:C,uniform,3,0.0
9:21803031:C:T,uniform,3,0.0
9:65738415:A:G,uniform,3,0.0
12:112869835:G:A,uniform,3,0.0
4:119027357:T:A,uniform,3,0.0
6:32170167:G:T,uniform,3,0.0
17:49717769:A:G,uniform,3,0.0
4:118833785:G:A,uniform,3,0.0
2:65104686:A:G,uniform,3,0.0
9:134045218:G:A,uniform,3,0.0
5:129654328:C:T,uniform,3,5e-05
19:48837433:C:A,uniform,3,0.0
4:142029201:G:C,uniform,4,0.0
6:32976837:C:T,uniform,4,0.0001
12:64222257:G:A,uniform,4,0.0
6:46825518:T:C,uniform,4,0.0
4:47626401:T:C,uniform,4,0.0
19:2247079:T:C,uniform,4,0.0
17:42166577:T:C,uniform,4,0.0
12:120552446:A:G,uniform,4,5.004e-05
18:13092468:T:C,uniform,4,0.0
14:23576981:A:T,uniform,4,0.0
17:2980255:A:G,uniform,4,5e-05
7:85042326:C:A,uniform,4,0.0
15:84890591:T:C,uniform,4,0.0
1:177958361:G:C,uniform,4,0.0
9:21803031:C:T,uniform,4,0.0
9:65738415:A:G,uniform,4,0.0
12:112869835:G:A,uniform,4,0.0
4:119027357:T:A,uniform,4,0.0
6:32170167:G:T,uniform,4,0.0
17:49717769:A:G,uniform,4,0.0
4:118833785:G:A,uniform,4,0.000151
2:65104686:A:G,uniform,4,0.0
9:134045218:G:A,uniform,4,5.001e-05
5:129654328:C:T,uniform,4,0.0
19:48837433:C:A,uniform,4,0.0
4:142029201:G:C,uniform,5,0.0
6:32976837:C:T,uniform,5,0.0
12:64222257:G:A,uniform,5,0.0
6:46825518:T:C,uniform,5,0.0
4:47626401:T:C,uniform,5,0.0
19:2247079:T:C,uniform,5,5e-05
17:42166577:T:C,uniform,5,0.0
12:120552446:A:G,uniform,5,5.002e-05
18:13092468:T:C,uniform,5,0.0
14:23576981:A:T,uniform,5,0.0
17:2980255:A:G,uniform,5,0.0
7:85042326:C:A,uniform,5,5.008e-05
15:84890591:T:C,uniform,5,0.0
1:177958361:G:C,uniform,5,0.0
9:21803031:C:T,uniform,5,5.036e-05
9:65738415:A:G,uniform,5,0.0
12:112869835:G:A,uniform,5,0.0
4:119027357:T:A,uniform,5,5e-05
6:32170167:G:T,uniform,5,5e-05
17:49717769:A:G,uniform,5,5.002e-05
4:118833785:G:A,uniform,5,0.0
2:65104686:A:G,uniform,5,5.005e-05
9:134045218:G:A,uniform,5,0.0
5:129654328:C:T,uniform,5,0.0
19:48837433:C:A,uniform,5,0.0
4:142029201:G:C,uniform,6,0.0
6:32976837:C:T,uniform,6,0.0
12:64222257:G:A,uniform,6,0.0
6:46825518:T:C,uniform,6,0.0
4:47626401:T:C,uniform,6,0.0
19:2247079:T:C,uniform,6,0.0
17:42166577:T:C,uniform,6,0.0
12:120552446:A:G,uniform,6,0.0
18:13092468:T:C,uniform,6,0.0
14:23576981:A:T,uniform,6,5.001e-05
17:2980255:A:G,uniform,6,0.0
7:85042326:C:A,uniform,6,0.0
15:84890591:T:C,uniform,6,0.0
1:177958361:G:C,uniform,6,5e-05
9:21803031:C:T,uniform,6,5.046e-05
9:65738415:A:G,uniform,6,0.0
12:112869835:G:A,uniform,6,0.0
4:119027357:T:A,uniform,6,0.0
6:32170167:G:T,uniform,6,0.0
17:49717769:A:G,uniform,6,5.003e-05
4:118833785:G:A,uniform,6,0.0
2:65104686:A:G,uniform,6,0.0
9:134045218:G:A,uniform,6,0.0
5:129654328:C:T,uniform,6,0.0
19:48837433:C:A,uniform,6,0.0
4:142029201:G:C,uniform,7,5e-05
6:32976837:C:T,uniform,7,5e-05
12:64222257:G:A,uniform,7,0.0
6:46825518:T:C,uniform,7,0.0
4:47626401:T:C,uniform,7,0.0
19:2247079:T:C,uniform,7,0.0
17:42166577:T:C,uniform,7,0.0
12:120552446:A:G,uniform,7,0.0
18:13092468:T:C,uniform,7,0.0
14:23576981:A:T,uniform,7,0.0
17:2980255:A:G,uniform,7,0.0
7:85042326:C:A,uniform,7,0.0
15:84890591:T:C,uniform,7,0.0
1:177958361:G:C,uniform,7,0.0
9:21803031:C:T,uniform,7,0.0
9:65738415:A:G,uniform,7,5.03e-05
12:112869835:G:A,uniform,7,5e-05
4:119027357:T:A,uniform,7,0.0
6:32170167:G:T,uniform,7,0.0
17:49717769:A:G,uniform,7,0.0
4:118833785:G:A,uniform,7,0.0
2:65104686:A:G,uniform,7,0.0
9:134045218:G:A,uniform,7,0.0
5:129654328:C:T,uniform,7,0.0
19:48837433:C:A,uniform,7,0.0
4:142029201:G:C,uniform,8,0.0
6:32976837:C:T,uniform,8,5e-05
12:64222257:G:A,uniform,8,0.0
6:46825518:T:C,uniform,8,0.0
4:47626401:T:C,uniform,8,0.0
19:2247079:T:C,uniform,8,0.0
17:42166577:T:C,uniform,8,0.0
12:120552446:A:G,uniform,8,5.003e-05
18:13092468:T:C,uniform,8,0.0
14:23576981:A:T,uniform,8,0.0
17:2980255:A:G,uniform,8,0.0
7:85042326:C:A,uniform,8,0.0
15:84890591:T:C,uniform,8,0.0
1:177958361:G:C,uniform,8,5e-05
9:21803031:C:T,uniform,8,0.0001008
9:65738415:A:G,uniform,8,0.0
12:112869835:G:A,uniform,8,5e-05
4:119027357:T:A,uniform,8,0.0
6:32170167:G:T,uniform,8,0.0
17:49717769:A:G,uniform,8,5.003e-05
4:118833785:G:A,uniform,8,0.0
2:65104686:A:G,uniform,8,0.0
9:134045218:G:A,uniform,8,0.0
5:129654328:C:T,uniform,8,0.0
19:48837433:C:A,uniform,8,0.0
4:142029201:G:C,uniform,9,5e-05
6:32976837:C:T,uniform,9,0.0
12:64222257:G:A,uniform,9,5e-05
6:46825518:T:C,uniform,9,5.001e-05
4:47626401:T:C,uniform,9,0.0
19:2247079:T:C,uniform,9,0.0
17:42166577:T:C,uniform,9,0.0
12:120552446:A:G,uniform,9,5.003e-05
18:13092468:T:C,uniform,9,0.0
14:23576981:A:T,uniform,9,0.0
17:2980255:A:G,uniform,9,0.0
7:85042326:C:A,uniform,9,5.004e-05
15:84890591:T:C,uniform,9,0.0
1:177958361:G:C,uniform,9,0.0
9:21803031:C:T,uniform,9,0.0
9:65738415:A:G,uniform,9,0.0
12:112869835:G:A,uniform,9,0.0
4:119027357:T:A,uniform,9,0.0
6:32170167:G:T,uniform,9,0.0
17:49717769:A:G,uniform,9,0.0
4:118833785:G:A,uniform,9,0.0
2:65104686:A:G,uniform,9,0.0
9:134045218:G:A,uniform,9,0.0
5:129654328:C:T,uniform,9,5e-05
19:48837433:C:A,uniform,9,0.0
4:142029201:G:C,uniform,10,0.0
6:32976837:C:T,uniform,10,0.0
12:64222257:G:A,uniform,10,0.0
6:46825518:T:C,uniform,10,0.0
4:47626401:T:C,uniform,10,0.0
19:2247079:T:C,uniform,10,0.0
17:42166577:T:C,uniform,10,5.002e-05
12:120552446:A:G,uniform,10,0.0
18:13092468:T:C,uniform,10,5.001e-05
14:23576981:A:T,uniform,10,0.0
17:2980255:A:G,uniform,10,5.001e-05
7:85042326:C:A,uniform,10,0.0
15:84890591:T:C,uniform,10,0.0
1:177958361:G:C,uniform,10,5e-05
9:21803031:C:T,uniform,10,0.0
9:65738415:A:G,uniform,10,0.0
12:112869835:G:A,uniform,10,5e-05
4:119027357:T:A,uniform,10,0.0
6:32170167:G:T,uniform,10,0.0
17:49717769:A:G,uniform,10,5.003e-05
4:118833785:G:A,uniform,10,0.0
2:65104686:A:G,uniform,10,0.0
9:134045218:G:A,uniform,10,0.0
5:129654328:C:T,uniform,10,0.0
19:48837433:C:A,uniform,10,5e-05
4:142029201:G:C,5epsilonpca,1,0.0
6:32976837:C:T,5epsilonpca,1,5e-05
12:64222257:G:A,5epsilonpca,1,0.0
6:46825518:T:C,5epsilonpca,1,5.004e-05
4:47626401:T:C,5epsilonpca,1,0.0
19:2247079:T:C,5epsilonpca,1,0.0
17:42166577:T:C,5epsilonpca,1,0.0
12:120552446:A:G,5epsilonpca,1,0.0
18:13092468:T:C,5epsilonpca,1,0.0
14:23576981:A:T,5epsilonpca,1,0.0
17:2980255:A:G,5epsilonpca,1,0.0
7:85042326:C:A,5epsilonpca,1,5.004e-05
15:84890591:T:C,5epsilonpca,1,0.0
1:177958361:G:C,5epsilonpca,1,0.0
9:21803031:C:T,5epsilonpca,1,0.0
9:65738415:A:G,5epsilonpca,1,0.0
12:112869835:G:A,5epsilonpca,1,0.0
4:119027357:T:A,5epsilonpca,1,0.0001
6:32170167:G:T,5epsilonpca,1,0.0
17:49717769:A:G,5epsilonpca,1,0.0
4:118833785:G:A,5epsilonpca,1,0.0
2:65104686:A:G,5epsilonpca,1,0.0
9:134045218:G:A,5epsilonpca,1,0.0
5:129654328:C:T,5epsilonpca,1,0.0
19:48837433:C:A,5epsilonpca,1,0.0
4:142029201:G:C,5epsilonpca,2,5e-05
6:32976837:C:T,5epsilonpca,2,0.0
12:64222257:G:A,5epsilonpca,2,0.0
6:46825518:T:C,5epsilonpca,2,0.0
4:47626401:T:C,5epsilonpca,2,0.0
19:2247079:T:C,5epsilonpca,2,5e-05
17:42166577:T:C,5epsilonpca,2,0.0
12:120552446:A:G,5epsilonpca,2,0.0
18:13092468:T:C,5epsilonpca,2,0.0
14:23576981:A:T,5epsilonpca,2,0.0
17:2980255:A:G,5epsilonpca,2,0.0
7:85042326:C:A,5epsilonpca,2,5.002e-05
15:84890591:T:C,5epsilonpca,2,5.009e-05
1:177958361:G:C,5epsilonpca,2,0.00015
9:21803031:C:T,5epsilonpca,2,0.0
9:65738415:A:G,5epsilonpca,2,0.0
12:112869835:G:A,5epsilonpca,2,0.0
4:119027357:T:A,5epsilonpca,2,0.0
6:32170167:G:T,5epsilonpca,2,5e-05
17:49717769:A:G,5epsilonpca,2,0.0
4:118833785:G:A,5epsilonpca,2,0.0
2:65104686:A:G,5epsilonpca,2,0.0
9:134045218:G:A,5epsilonpca,2,0.0
5:129654328:C:T,5epsilonpca,2,0.0
19:48837433:C:A,5epsilonpca,2,0.0
4:142029201:G:C,5epsilonpca,3,0.0
6:32976837:C:T,5epsilonpca,3,5e-05
12:64222257:G:A,5epsilonpca,3,0.0
6:46825518:T:C,5epsilonpca,3,5.002e-05
4:47626401:T:C,5epsilonpca,3,0.0
19:2247079:T:C,5epsilonpca,3,0.0
17:42166577:T:C,5epsilonpca,3,0.0001001
12:120552446:A:G,5epsilonpca,3,0.0
18:13092468:T:C,5epsilonpca,3,0.0
14:23576981:A:T,5epsilonpca,3,0.0
17:2980255:A:G,5epsilonpca,3,0.0
7:85042326:C:A,5epsilonpca,3,5.005e-05
15:84890591:T:C,5epsilonpca,3,0.0
1:177958361:G:C,5epsilonpca,3,0.0
9:21803031:C:T,5epsilonpca,3,0.0
9:65738415:A:G,5epsilonpca,3,0.0
12:112869835:G:A,5epsilonpca,3,0.0
4:119027357:T:A,5epsilonpca,3,0.0
6:32170167:G:T,5epsilonpca,3,0.0001
17:49717769:A:G,5epsilonpca,3,0.0
4:118833785:G:A,5epsilonpca,3,0.0
2:65104686:A:G,5epsilonpca,3,0.0001001
9:134045218:G:A,5epsilonpca,3,5.001e-05
5:129654328:C:T,5epsilonpca,3,0.0
19:48837433:C:A,5epsilonpca,3,0.0
4:142029201:G:C,5epsilonpca,4,0.0
6:32976837:C:T,5epsilonpca,4,5e-05
12:64222257:G:A,5epsilonpca,4,0.0
6:46825518:T:C,5epsilonpca,4,0.0
4:47626401:T:C,5epsilonpca,4,0.0
19:2247079:T:C,5epsilonpca,4,0.0
17:42166577:T:C,5epsilonpca,4,0.0
12:120552446:A:G,5epsilonpca,4,0.0
18:13092468:T:C,5epsilonpca,4,0.0001
14:23576981:A:T,5epsilonpca,4,0.0
17:2980255:A:G,5epsilonpca,4,0.0
7:85042326:C:A,5epsilonpca,4,0.0
15:84890591:T:C,5epsilonpca,4,0.0
1:177958361:G:C,5epsilonpca,4,0.0
9:21803031:C:T,5epsilonpca,4,0.0
9:65738415:A:G,5epsilonpca,4,5.026e-05
12:112869835:G:A,5epsilonpca,4,0.0001
4:119027357:T:A,5epsilonpca,4,5e-05
6:32170167:G:T,5epsilonpca,4,0.0
17:49717769:A:G,5epsilonpca,4,0.0
4:118833785:G:A,5epsilonpca,4,5.039e-05
2:65104686:A:G,5epsilonpca,4,5.002e-05
9:134045218:G:A,5epsilonpca,4,0.0001
5:129654328:C:T,5epsilonpca,4,0.0
19:48837433:C:A,5epsilonpca,4,0.0
4:142029201:G:C,5epsilonpca,5,0.0
6:32976837:C:T,5epsilonpca,5,0.0
12:64222257:G:A,5epsilonpca,5,0.0
6:46825518:T:C,5epsilonpca,5,0.0
4:47626401:T:C,5epsilonpca,5,5.009e-05
19:2247079:T:C,5epsilonpca,5,0.0
17:42166577:T:C,5epsilonpca,5,0.0
12:120552446:A:G,5epsilonpca,5,0.0
18:13092468:T:C,5epsilonpca,5,0.0
14:23576981:A:T,5epsilonpca,5,0.0
17:2980255:A:G,5epsilonpca,5,0.0
7:85042326:C:A,5epsilonpca,5,5.009e-05
15:84890591:T:C,5epsilonpca,5,5.012e-05
1:177958361:G:C,5epsilonpca,5,0.0
9:21803031:C:T,5epsilonpca,5,0.0
9:65738415:A:G,5epsilonpca,5,0.0
12:112869835:G:A,5epsilonpca,5,0.0
4:119027357:T:A,5epsilonpca,5,0.0
6:32170167:G:T,5epsilonpca,5,5.001e-05
17:49717769:A:G,5epsilonpca,5,0.0
4:118833785:G:A,5epsilonpca,5,5.035e-05
2:65104686:A:G,5epsilonpca,5,5.003e-05
9:134045218:G:A,5epsilonpca,5,5.002e-05
5:129654328:C:T,5epsilonpca,5,0.0
19:48837433:C:A,5epsilonpca,5,0.0
4:142029201:G:C,5epsilonpca,6,5.001e-05
6:32976837:C:T,5epsilonpca,6,5e-05
12:64222257:G:A,5epsilonpca,6,5e-05
6:46825518:T:C,5epsilonpca,6,5e-05
4:47626401:T:C,5epsilonpca,6,5.006e-05
19:2247079:T:C,5epsilonpca,6,5.001e-05
17:42166577:T:C,5epsilonpca,6,5.001e-05
12:120552446:A:G,5epsilonpca,6,0.0
18:13092468:T:C,5epsilonpca,6,0.0
14:23576981:A:T,5epsilonpca,6,0.0001
17:2980255:A:G,5epsilonpca,6,0.0
7:85042326:C:A,5epsilonpca,6,0.0
15:84890591:T:C,5epsilonpca,6,0.0
1:177958361:G:C,5epsilonpca,6,0.0
9:21803031:C:T,5epsilonpca,6,0.0
9:65738415:A:G,5epsilonpca,6,0.0
12:112869835:G:A,5epsilonpca,6,0.0001
4:119027357:T:A,5epsilonpca,6,0.0
6:32170167:G:T,5epsilonpca,6,0.0
17:49717769:A:G,5epsilonpca,6,0.0
4:118833785:G:A,5epsilonpca,6,5.04e-05
2:65104686:A:G,5epsilonpca,6,0.0
9:134045218:G:A,5epsilonpca,6,0.0
5:129654328:C:T,5epsilonpca,6,0.0
19:48837433:C:A,5epsilonpca,6,0.0
4:142029201:G:C,5epsilonpca,7,0.0001
6:32976837:C:T,5epsilonpca,7,0.0
12:64222257:G:A,5epsilonpca,7,5e-05
6:46825518:T:C,5epsilonpca,7,0.0
4:47626401:T:C,5epsilonpca,7,0.0
19:2247079:T:C,5epsilonpca,7,0.0001
17:42166577:T:C,5epsilonpca,7,0.0
12:120552446:A:G,5epsilonpca,7,0.0
18:13092468:T:C,5epsilonpca,7,0.0
14:23576981:A:T,5epsilonpca,7,5.003e-05
17:2980255:A:G,5epsilonpca,7,0.0
7:85042326:C:A,5epsilonpca,7,0.0
15:84890591:T:C,5epsilonpca,7,0.0
1:177958361:G:C,5epsilonpca,7,0.0
9:21803031:C:T,5epsilonpca,7,0.0001008
9:65738415:A:G,5epsilonpca,7,5.022e-05
12:112869835:G:A,5epsilonpca,7,0.0
4:119027357:T:A,5epsilonpca,7,0.0
6:32170167:G:T,5epsilonpca,7,5e-05
17:49717769:A:G,5epsilonpca,7,0.0
4:118833785:G:A,5epsilonpca,7,0.0
2:65104686:A:G,5epsilonpca,7,0.0
9:134045218:G:A,5epsilonpca,7,0.0
5:129654328:C:T,5epsilonpca,7,0.0
19:48837433:C:A,5epsilonpca,7,0.0
4:142029201:G:C,5epsilonpca,8,0.0
6:32976837:C:T,5epsilonpca,8,5e-05
12:64222257:G:A,5epsilonpca,8,0.0
6:46825518:T:C,5epsilonpca,8,0.0
4:47626401:T:C,5epsilonpca,8,0.0
19:2247079:T:C,5epsilonpca,8,5e-05
17:42166577:T:C,5epsilonpca,8,0.0
12:120552446:A:G,5epsilonpca,8,0.0
18:13092468:T:C,5epsilonpca,8,5.001e-05
14:23576981:A:T,5epsilonpca,8,0.0
17:2980255:A:G,5epsilonpca,8,0.0
7:85042326:C:A,5epsilonpca,8,0.0
15:84890591:T:C,5epsilonpca,8,0.0
1:177958361:G:C,5epsilonpca,8,0.0
9:21803031:C:T,5epsilonpca,8,0.0
9:65738415:A:G,5epsilonpca,8,5.02e-05
12:112869835:G:A,5epsilonpca,8,5e-05
4:119027357:T:A,5epsilonpca,8,0.0001
6:32170167:G:T,5epsilonpca,8,0.0
17:49717769:A:G,5epsilonpca,8,0.0
4:118833785:G:A,5epsilonpca,8,0.0
2:65104686:A:G,5epsilonpca,8,0.0
9:134045218:G:A,5epsilonpca,8,5.002e-05
5:129654328:C:T,5epsilonpca,8,0.0
19:48837433:C:A,5epsilonpca,8,0.0
4:142029201:G:C,5epsilonpca,9,0.0
6:32976837:C:T,5epsilonpca,9,0.0
12:64222257:G:A,5epsilonpca,9,0.0
6:46825518:T:C,5epsilonpca,9,0.0
4:47626401:T:C,5epsilonpca,9,5.009e-05
19:2247079:T:C,5epsilonpca,9,0.0
17:42166577:T:C,5epsilonpca,9,0.0
12:120552446:A:G,5epsilonpca,9,5.004e-05
18:13092468:T:C,5epsilonpca,9,0.0
14:23576981:A:T,5epsilonpca,9,0.0
17:2980255:A:G,5epsilonpca,9,0.0
7:85042326:C:A,5epsilonpca,9,0.0
15:84890591:T:C,5epsilonpca,9,0.0
1:177958361:G:C,5epsilonpca,9,0.0
9:21803031:C:T,5epsilonpca,9,0.0
9:65738415:A:G,5epsilonpca,9,5.022e-05
12:112869835:G:A,5epsilonpca,9,0.0
4:119027357:T:A,5epsilonpca,9,0.0
6:32170167:G:T,5epsilonpca,9,0.0
17:49717769:A:G,5epsilonpca,9,0.0
4:118833785:G:A,5epsilonpca,9,0.0
2:65104686:A:G,5epsilonpca,9,0.0
9:134045218:G:A,5epsilonpca,9,0.0
5:129654328:C:T,5epsilonpca,9,0.0
19:48837433:C:A,5epsilonpca,9,0.0
4:142029201:G:C,5epsilonpca,10,0.0
6:32976837:C:T,5epsilonpca,10,5e-05
12:64222257:G:A,5epsilonpca,10,0.0001
6:46825518:T:C,5epsilonpca,10,5.003e-05
4:47626401:T:C,5epsilonpca,10,5.004e-05
19:2247079:T:C,5epsilonpca,10,5e-05
17:42166577:T:C,5epsilonpca,10,0.0
12:120552446:A:G,5epsilonpca,10,5.002e-05
18:13092468:T:C,5epsilonpca,10,0.0
14:23576981:A:T,5epsilonpca,10,5.001e-05
17:2980255:A:G,5epsilonpca,10,0.0
7:85042326:C:A,5epsilonpca,10,0.0
15:84890591:T:C,5epsilonpca,10,5.011e-05
1:177958361:G:C,5epsilonpca,10,0.0
9:21803031:C:T,5epsilonpca,10,0.0
9:65738415:A:G,5epsilonpca,10,0.0
12:112869835:G:A,5epsilonpca,10,0.0
4:119027357:T:A,5epsilonpca,10,0.0
6:32170167:G:T,5epsilonpca,10,0.0
17:49717769:A:G,5epsilonpca,10,5.005e-05
4:118833785:G:A,5epsilonpca,10,0.0
2:65104686:A:G,5epsilonpca,10,0.0
9:134045218:G:A,5epsilonpca,10,0.0
5:129654328:C:T,5epsilonpca,10,0.0
19:48837433:C:A,5epsilonpca,10,0.0
4:142029201:G:C,10epsilonpca,1,5.001e-05
6:32976837:C:T,10epsilonpca,1,0.0
12:64222257:G:A,10epsilonpca,1,0.0
6:46825518:T:C,10epsilonpca,1,0.0
4:47626401:T:C,10epsilonpca,1,0.0
19:2247079:T:C,10epsilonpca,1,0.0
17:42166577:T:C,10epsilonpca,1,5.002e-05
12:120552446:A:G,10epsilonpca,1,0.0
18:13092468:T:C,10epsilonpca,1,5e-05
14:23576981:A:T,10epsilonpca,1,0.0
17:2980255:A:G,10epsilonpca,1,0.0
7:85042326:C:A,10epsilonpca,1,0.0
15:84890591:T:C,10epsilonpca,1,5.005e-05
1:177958361:G:C,10epsilonpca,1,5.001e-05
9:21803031:C:T,10epsilonpca,1,0.0
9:65738415:A:G,10epsilonpca,1,5.021e-05
12:112869835:G:A,10epsilonpca,1,0.0
4:119027357:T:A,10epsilonpca,1,0.0
6:32170167:G:T,10epsilonpca,1,0.0
17:49717769:A:G,10epsilonpca,1,5.003e-05
4:118833785:G:A,10epsilonpca,1,0.0
2:65104686:A:G,10epsilonpca,1,0.0
9:134045218:G:A,10epsilonpca,1,0.0
5:129654328:C:T,10epsilonpca,1,5.001e-05
19:48837433:C:A,10epsilonpca,1,0.0
4:142029201:G:C,10epsilonpca,2,0.0
6:32976837:C:T,10epsilonpca,2,0.0
12:64222257:G:A,10epsilonpca,2,0.0
6:46825518:T:C,10epsilonpca,2,0.0
4:47626401:T:C,10epsilonpca,2,0.0
19:2247079:T:C,10epsilonpca,2,5e-05
17:42166577:T:C,10epsilonpca,2,5.002e-05
12:120552446:A:G,10epsilonpca,2,0.0
18:13092468:T:C,10epsilonpca,2,0.0
14:23576981:A:T,10epsilonpca,2,0.0
17:2980255:A:G,10epsilonpca,2,0.0
7:85042326:C:A,10epsilonpca,2,0.0
15:84890591:T:C,10epsilonpca,2,0.0
1:177958361:G:C,10epsilonpca,2,5e-05
9:21803031:C:T,10epsilonpca,2,0.0
9:65738415:A:G,10epsilonpca,2,0.0
12:112869835:G:A,10epsilonpca,2,0.0
4:119027357:T:A,10epsilonpca,2,0.0
6:32170167:G:T,10epsilonpca,2,5e-05
17:49717769:A:G,10epsilonpca,2,0.0
4:118833785:G:A,10epsilonpca,2,0.0
2:65104686:A:G,10epsilonpca,2,0.0
9:134045218:G:A,10epsilonpca,2,0.0
5:129654328:C:T,10epsilonpca,2,5e-05
19:48837433:C:A,10epsilonpca,2,0.0001
4:142029201:G:C,10epsilonpca,3,0.0
6:32976837:C:T,10epsilonpca,3,0.0
12:64222257:G:A,10epsilonpca,3,5e-05
6:46825518:T:C,10epsilonpca,3,0.0001501
4:47626401:T:C,10epsilonpca,3,0.0
19:2247079:T:C,10epsilonpca,3,0.0
17:42166577:T:C,10epsilonpca,3,0.0
12:120552446:A:G,10epsilonpca,3,5.002e-05
18:13092468:T:C,10epsilonpca,3,0.0
14:23576981:A:T,10epsilonpca,3,0.0
17:2980255:A:G,10epsilonpca,3,5.001e-05
7:85042326:C:A,10epsilonpca,3,0.0
15:84890591:T:C,10epsilonpca,3,0.0
1:177958361:G:C,10epsilonpca,3,0.0
9:21803031:C:T,10epsilonpca,3,0.0
9:65738415:A:G,10epsilonpca,3,5.016e-05
12:112869835:G:A,10epsilonpca,3,0.0
4:119027357:T:A,10epsilonpca,3,0.0
6:32170167:G:T,10epsilonpca,3,0.0
17:49717769:A:G,10epsilonpca,3,0.0
4:118833785:G:A,10epsilonpca,3,0.0
2:65104686:A:G,10epsilonpca,3,5.006e-05
9:134045218:G:A,10epsilonpca,3,5.001e-05
5:129654328:C:T,10epsilonpca,3,0.0
19:48837433:C:A,10epsilonpca,3,0.0
4:142029201:G:C,10epsilonpca,4,0.0
6:32976837:C:T,10epsilonpca,4,0.0
12:64222257:G:A,10epsilonpca,4,0.0
6:46825518:T:C,10epsilonpca,4,0.0
4:47626401:T:C,10epsilonpca,4,0.0
19:2247079:T:C,10epsilonpca,4,0.0
17:42166577:T:C,10epsilonpca,4,5.002e-05
12:120552446:A:G,10epsilonpca,4,0.0
18:13092468:T:C,10epsilonpca,4,0.0
14:23576981:A:T,10epsilonpca,4,0.0
17:2980255:A:G,10epsilonpca,4,0.0
7:85042326:C:A,10epsilonpca,4,0.0
15:84890591:T:C,10epsilonpca,4,0.0
1:177958361:G:C,10epsilonpca,4,0.0
9:21803031:C:T,10epsilonpca,4,5.042e-05
9:65738415:A:G,10epsilonpca,4,0.0
12:112869835:G:A,10epsilonpca,4,5e-05
4:119027357:T:A,10epsilonpca,4,0.0
6:32170167:G:T,10epsilonpca,4,0.0
17:49717769:A:G,10epsilonpca,4,0.0001001
4:118833785:G:A,10epsilonpca,4,0.0
2:65104686:A:G,10epsilonpca,4,0.0
9:134045218:G:A,10epsilonpca,4,0.0
5:129654328:C:T,10epsilonpca,4,0.0
19:48837433:C:A,10epsilonpca,4,5e-05
4:142029201:G:C,10epsilonpca,5,5.001e-05
6:32976837:C:T,10epsilonpca,5,0.0
12:64222257:G:A,10epsilonpca,5,5e-05
6:46825518:T:C,10epsilonpca,5,0.0
4:47626401:T:C,10epsilonpca,5,5.008e-05
19:2247079:T:C,10epsilonpca,5,0.0
17:42166577:T:C,10epsilonpca,5,5.002e-05
12:120552446:A:G,10epsilonpca,5,0.0
18:13092468:T:C,10epsilonpca,5,0.0
14:23576981:A:T,10epsilonpca,5,0.0
17:2980255:A:G,10epsilonpca,5,0.0
7:85042326:C:A,10epsilonpca,5,0.0
15:84890591:T:C,10epsilonpca,5,0.0
1:177958361:G:C,10epsilonpca,5,5e-05
9:21803031:C:T,10epsilonpca,5,0.0
9:65738415:A:G,10epsilonpca,5,0.0
12:112869835:G:A,10epsilonpca,5,5e-05
4:119027357:T:A,10epsilonpca,5,0.0
6:32170167:G:T,10epsilonpca,5,0.0
17:49717769:A:G,10epsilonpca,5,5.002e-05
4:118833785:G:A,10epsilonpca,5,5.045e-05
2:65104686:A:G,10epsilonpca,5,0.0
9:134045218:G:A,10epsilonpca,5,0.0
5:129654328:C:T,10epsilonpca,5,0.0
19:48837433:C:A,10epsilonpca,5,5e-05
4:142029201:G:C,10epsilonpca,6,0.0
6:32976837:C:T,10epsilonpca,6,0.0
12:64222257:G:A,10epsilonpca,6,0.0
6:46825518:T:C,10epsilonpca,6,0.0
4:47626401:T:C,10epsilonpca,6,0.0
19:2247079:T:C,10epsilonpca,6,0.0
17:42166577:T:C,10epsilonpca,6,0.0
12:120552446:A:G,10epsilonpca,6,5.003e-05
18:13092468:T:C,10epsilonpca,6,0.0
14:23576981:A:T,10epsilonpca,6,0.0
17:2980255:A:G,10epsilonpca,6,0.0
7:85042326:C:A,10epsilonpca,6,5.007e-05
15:84890591:T:C,10epsilonpca,6,0.0
1:177958361:G:C,10epsilonpca,6,0.0
9:21803031:C:T,10epsilonpca,6,0.0
9:65738415:A:G,10epsilonpca,6,0.0001004
12:112869835:G:A,10epsilonpca,6,5e-05
4:119027357:T:A,10epsilonpca,6,0.0
6:32170167:G:T,10epsilonpca,6,5e-05
17:49717769:A:G,10epsilonpca,6,5e-05
4:118833785:G:A,10epsilonpca,6,0.0
2:65104686:A:G,10epsilonpca,6,0.0
9:134045218:G:A,10epsilonpca,6,0.0
5:129654328:C:T,10epsilonpca,6,5e-05
19:48837433:C:A,10epsilonpca,6,0.0001
4:142029201:G:C,10epsilonpca,7,5e-05
6:32976837:C:T,10epsilonpca,7,5e-05
12:64222257:G:A,10epsilonpca,7,0.0
6:46825518:T:C,10epsilonpca,7,5.001e-05
4:47626401:T:C,10epsilonpca,7,5.008e-05
19:2247079:T:C,10epsilonpca,7,0.0
17:42166577:T:C,10epsilonpca,7,0.0
12:120552446:A:G,10epsilonpca,7,5.002e-05
18:13092468:T:C,10epsilonpca,7,0.0
14:23576981:A:T,10epsilonpca,7,0.0001
17:2980255:A:G,10epsilonpca,7,0.0
7:85042326:C:A,10epsilonpca,7,0.0
15:84890591:T:C,10epsilonpca,7,0.0
1:177958361:G:C,10epsilonpca,7,0.0
9:21803031:C:T,10epsilonpca,7,0.0
9:65738415:A:G,10epsilonpca,7,0.0
12:112869835:G:A,10epsilonpca,7,0.0
4:119027357:T:A,10epsilonpca,7,0.0
6:32170167:G:T,10epsilonpca,7,5e-05
17:49717769:A:G,10epsilonpca,7,0.0
4:118833785:G:A,10epsilonpca,7,0.0
2:65104686:A:G,10epsilonpca,7,5.003e-05
9:134045218:G:A,10epsilonpca,7,0.0
5:129654328:C:T,10epsilonpca,7,0.0
19:48837433:C:A,10epsilonpca,7,0.0001
4:142029201:G:C,10epsilonpca,8,5.001e-05
6:32976837:C:T,10epsilonpca,8,0.0
12:64222257:G:A,10epsilonpca,8,5e-05
6:46825518:T:C,10epsilonpca,8,0.0
4:47626401:T:C,10epsilonpca,8,0.0
19:2247079:T:C,10epsilonpca,8,5e-05
17:42166577:T:C,10epsilonpca,8,5.002e-05
12:120552446:A:G,10epsilonpca,8,5.002e-05
18:13092468:T:C,10epsilonpca,8,5.002e-05
14:23576981:A:T,10epsilonpca,8,0.0
17:2980255:A:G,10epsilonpca,8,0.0
7:85042326:C:A,10epsilonpca,8,0.0001001
15:84890591:T:C,10epsilonpca,8,0.0
1:177958361:G:C,10epsilonpca,8,5e-05
9:21803031:C:T,10epsilonpca,8,0.0
9:65738415:A:G,10epsilonpca,8,0.0
12:112869835:G:A,10epsilonpca,8,5e-05
4:119027357:T:A,10epsilonpca,8,0.0
6:32170167:G:T,10epsilonpca,8,5e-05
17:49717769:A:G,10epsilonpca,8,0.0
4:118833785:G:A,10epsilonpca,8,0.0
2:65104686:A:G,10epsilonpca,8,0.0
9:134045218:G:A,10epsilonpca,8,5.002e-05
5:129654328:C:T,10epsilonpca,8,0.0
19:48837433:C:A,10epsilonpca,8,5e-05
4:142029201:G:C,10epsilonpca,9,0.0
6:32976837:C:T,10epsilonpca,9,0.0
12:64222257:G:A,10epsilonpca,9,5e-05
6:46825518:T:C,10epsilonpca,9,0.0
4:47626401:T:C,10epsilonpca,9,0.0
19:2247079:T:C,10epsilonpca,9,0.0
17:42166577:T:C,10epsilonpca,9,0.0
12:120552446:A:G,10epsilonpca,9,0.0
18:13092468:T:C,10epsilonpca,9,5.001e-05
14:23576981:A:T,10epsilonpca,9,0.0
17:2980255:A:G,10epsilonpca,9,0.0
7:85042326:C:A,10epsilonpca,9,0.0
15:84890591:T:C,10epsilonpca,9,5.008e-05
1:177958361:G:C,10epsilonpca,9,0.0
9:21803031:C:T,10epsilonpca,9,0.0
9:65738415:A:G,10epsilonpca,9,0.0
12:112869835:G:A,10epsilonpca,9,0.0
4:119027357:T:A,10epsilonpca,9,5e-05
6:32170167:G:T,10epsilonpca,9,0.0
17:49717769:A:G,10epsilonpca,9,0.0
4:118833785:G:A,10epsilonpca,9,0.0
2:65104686:A:G,10epsilonpca,9,5.006e-05
9:134045218:G:A,10epsilonpca,9,5.001e-05
5:129654328:C:T,10epsilonpca,9,0.0
19:48837433:C:A,10epsilonpca,9,0.0
4:142029201:G:C,10epsilonpca,10,0.0
6:32976837:C:T,10epsilonpca,10,0.0
12:64222257:G:A,10epsilonpca,10,5e-05
6:46825518:T:C,10epsilonpca,10,0.0
4:47626401:T:C,10epsilonpca,10,0.0
19:2247079:T:C,10epsilonpca,10,0.0
17:42166577:T:C,10epsilonpca,10,5.001e-05
12:120552446:A:G,10epsilonpca,10,0.0001001
18:13092468:T:C,10epsilonpca,10,0.0
14:23576981:A:T,10epsilonpca,10,5.002e-05
17:2980255:A:G,10epsilonpca,10,0.0
7:85042326:C:A,10epsilonpca,10,0.0
15:84890591:T:C,10epsilonpca,10,5.007e-05
1:177958361:G:C,10epsilonpca,10,0.0
9:21803031:C:T,10epsilonpca,10,0.0
9:65738415:A:G,10epsilonpca,10,0.0001005
12:112869835:G:A,10epsilonpca,10,0.0
4:119027357:T:A,10epsilonpca,10,0.0
6:32170167:G:T,10epsilonpca,10,0.0
17:49717769:A:G,10epsilonpca,10,5.005e-05
4:118833785:G:A,10epsilonpca,10,5.042e-05
2:65104686:A:G,10epsilonpca,10,0.0
9:134045218:G:A,10epsilonpca,10,0.0
5:129654328:C:T,10epsilonpca,10,0.0
19:48837433:C:A,10epsilonpca,10,0.0
4:142029201:G:C,50epsilonpca,1,0.0
6:32976837:C:T,50epsilonpca,1,0.0
12:64222257:G:A,50epsilonpca,1,0.0
6:46825518:T:C,50epsilonpca,1,0.0
4:47626401:T:C,50epsilonpca,1,5.008e-05
19:2247079:T:C,50epsilonpca,1,5.001e-05
17:42166577:T:C,50epsilonpca,1,0.0001
12:120552446:A:G,50epsilonpca,1,0.0
18:13092468:T:C,50epsilonpca,1,0.0
14:23576981:A:T,50epsilonpca,1,0.0
17:2980255:A:G,50epsilonpca,1,5e-05
7:85042326:C:A,50epsilonpca,1,5.006e-05
15:84890591:T:C,50epsilonpca,1,0.0
1:177958361:G:C,50epsilonpca,1,5e-05
9:21803031:C:T,50epsilonpca,1,0.0
9:65738415:A:G,50epsilonpca,1,0.0
12:112869835:G:A,50epsilonpca,1,0.0
4:119027357:T:A,50epsilonpca,1,5e-05
6:32170167:G:T,50epsilonpca,1,5e-05
17:49717769:A:G,50epsilonpca,1,0.0
4:118833785:G:A,50epsilonpca,1,0.0
2:65104686:A:G,50epsilonpca,1,0.0
9:134045218:G:A,50epsilonpca,1,0.0
5:129654328:C:T,50epsilonpca,1,0.0
19:48837433:C:A,50epsilonpca,1,0.0
4:142029201:G:C,50epsilonpca,2,0.0
6:32976837:C:T,50epsilonpca,2,5e-05
12:64222257:G:A,50epsilonpca,2,5e-05
6:46825518:T:C,50epsilonpca,2,5.003e-05
4:47626401:T:C,50epsilonpca,2,0.0
19:2247079:T:C,50epsilonpca,2,0.0
17:42166577:T:C,50epsilonpca,2,0.0
12:120552446:A:G,50epsilonpca,2,0.0
18:13092468:T:C,50epsilonpca,2,0.0001
14:23576981:A:T,50epsilonpca,2,0.0
17:2980255:A:G,50epsilonpca,2,5.001e-05
7:85042326:C:A,50epsilonpca,2,0.0
15:84890591:T:C,50epsilonpca,2,0.0
1:177958361:G:C,50epsilonpca,2,5e-05
9:21803031:C:T,50epsilonpca,2,0.0
9:65738415:A:G,50epsilonpca,2,5.016e-05
12:112869835:G:A,50epsilonpca,2,0.0
4:119027357:T:A,50epsilonpca,2,0.0
6:32170167:G:T,50epsilonpca,2,0.0
17:49717769:A:G,50epsilonpca,2,0.0
4:118833785:G:A,50epsilonpca,2,0.0
2:65104686:A:G,50epsilonpca,2,0.0
9:134045218:G:A,50epsilonpca,2,5.001e-05
5:129654328:C:T,50epsilonpca,2,0.0
19:48837433:C:A,50epsilonpca,2,0.0
4:142029201:G:C,50epsilonpca,3,0.0
6:32976837:C:T,50epsilonpca,3,0.0
12:64222257:G:A,50epsilonpca,3,0.0
6:46825518:T:C,50epsilonpca,3,0.0
4:47626401:T:C,50epsilonpca,3,0.0
19:2247079:T:C,50epsilonpca,3,5e-05
17:42166577:T:C,50epsilonpca,3,5.002e-05
12:120552446:A:G,50epsilonpca,3,0.0
18:13092468:T:C,50epsilonpca,3,0.0
14:23576981:A:T,50epsilonpca,3,0.0001
17:2980255:A:G,50epsilonpca,3,5e-05
7:85042326:C:A,50epsilonpca,3,0.0001001
15:84890591:T:C,50epsilonpca,3,5.006e-05
1:177958361:G:C,50epsilonpca,3,0.0
9:21803031:C:T,50epsilonpca,3,0.0
9:65738415:A:G,50epsilonpca,3,5.024e-05
12:112869835:G:A,50epsilonpca,3,0.0
4:119027357:T:A,50epsilonpca,3,0.0
6:32170167:G:T,50epsilonpca,3,5e-05
17:49717769:A:G,50epsilonpca,3,0.0
4:118833785:G:A,50epsilonpca,3,5.042e-05
2:65104686:A:G,50epsilonpca,3,0.0
9:134045218:G:A,50epsilonpca,3,5.001e-05
5:129654328:C:T,50epsilonpca,3,5e-05
19:48837433:C:A,50epsilonpca,3,0.0
4:142029201:G:C,50epsilonpca,4,0.0
6:32976837:C:T,50epsilonpca,4,5e-05
12:64222257:G:A,50epsilonpca,4,0.0
6:46825518:T:C,50epsilonpca,4,0.0
4:47626401:T:C,50epsilonpca,4,0.0
19:2247079:T:C,50epsilonpca,4,0.0
17:42166577:T:C,50epsilonpca,4,0.0
12:120552446:A:G,50epsilonpca,4,0.0
18:13092468:T:C,50epsilonpca,4,0.0
14:23576981:A:T,50epsilonpca,4,0.0
17:2980255:A:G,50epsilonpca,4,0.0
7:85042326:C:A,50epsilonpca,4,0.0
15:84890591:T:C,50epsilonpca,4,5.009e-05
1:177958361:G:C,50epsilonpca,4,0.0
9:21803031:C:T,50epsilonpca,4,0.0
9:65738415:A:G,50epsilonpca,4,0.0
12:112869835:G:A,50epsilonpca,4,0.0
4:119027357:T:A,50epsilonpca,4,5e-05
6:32170167:G:T,50epsilonpca,4,0.0
17:49717769:A:G,50epsilonpca,4,0.0
4:118833785:G:A,50epsilonpca,4,5.042e-05
2:65104686:A:G,50epsilonpca,4,0.0
9:134045218:G:A,50epsilonpca,4,5.002e-05
5:129654328:C:T,50epsilonpca,4,0.0
19:48837433:C:A,50epsilonpca,4,5e-05
4:142029201:G:C,50epsilonpca,5,0.0
6:32976837:C:T,50epsilonpca,5,0.0
12:64222257:G:A,50epsilonpca,5,0.0
6:46825518:T:C,50epsilonpca,5,0.0
4:47626401:T:C,50epsilonpca,5,0.0
19:2247079:T:C,50epsilonpca,5,0.0
17:42166577:T:C,50epsilonpca,5,5.001e-05
12:120552446:A:G,50epsilonpca,5,0.0
18:13092468:T:C,50epsilonpca,5,0.0
14:23576981:A:T,50epsilonpca,5,5.001e-05
17:2980255:A:G,50epsilonpca,5,0.0
7:85042326:C:A,50epsilonpca,5,0.0
15:84890591:T:C,50epsilonpca,5,0.0
1:177958361:G:C,50epsilonpca,5,0.0001
9:21803031:C:T,50epsilonpca,5,0.0
9:65738415:A:G,50epsilonpca,5,5.023e-05
12:112869835:G:A,50epsilonpca,5,0.0
4:119027357:T:A,50epsilonpca,5,5e-05
6:32170167:G:T,50epsilonpca,5,0.0
17:49717769:A:G,50epsilonpca,5,0.0
4:118833785:G:A,50epsilonpca,5,0.0
2:65104686:A:G,50epsilonpca,5,0.0
9:134045218:G:A,50epsilonpca,5,0.0
5:129654328:C:T,50epsilonpca,5,0.0
19:48837433:C:A,50epsilonpca,5,0.0
4:142029201:G:C,50epsilonpca,6,0.0
6:32976837:C:T,50epsilonpca,6,0.0
12:64222257:G:A,50epsilonpca,6,0.0
6:46825518:T:C,50epsilonpca,6,0.0
4:47626401:T:C,50epsilonpca,6,0.0
19:2247079:T:C,50epsilonpca,6,0.0
17:42166577:T:C,50epsilonpca,6,5.002e-05
12:120552446:A:G,50epsilonpca,6,0.0
18:13092468:T:C,50epsilonpca,6,0.0
14:23576981:A:T,50epsilonpca,6,0.0
17:2980255:A:G,50epsilonpca,6,0.0001
7:85042326:C:A,50epsilonpca,6,0.0
15:84890591:T:C,50epsilonpca,6,0.0001002
1:177958361:G:C,50epsilonpca,6,0.0
9:21803031:C:T,50epsilonpca,6,0.0
9:65738415:A:G,50epsilonpca,6,0.0
12:112869835:G:A,50epsilonpca,6,0.0
4:119027357:T:A,50epsilonpca,6,0.0
6:32170167:G:T,50epsilonpca,6,0.0
17:49717769:A:G,50epsilonpca,6,0.0
4:118833785:G:A,50epsilonpca,6,0.0
2:65104686:A:G,50epsilonpca,6,0.0
9:134045218:G:A,50epsilonpca,6,0.0
5:129654328:C:T,50epsilonpca,6,5e-05
19:48837433:C:A,50epsilonpca,6,0.0
4:142029201:G:C,50epsilonpca,7,5e-05
6:32976837:C:T,50epsilonpca,7,0.0
12:64222257:G:A,50epsilonpca,7,0.0
6:46825518:T:C,50epsilonpca,7,5.002e-05
4:47626401:T:C,50epsilonpca,7,0.0
19:2247079:T:C,50epsilonpca,7,0.0
17:42166577:T:C,50epsilonpca,7,0.0
12:120552446:A:G,50epsilonpca,7,0.0001
18:13092468:T:C,50epsilonpca,7,0.0
14:23576981:A:T,50epsilonpca,7,5.002e-05
17:2980255:A:G,50epsilonpca,7,0.0
7:85042326:C:A,50epsilonpca,7,0.0
15:84890591:T:C,50epsilonpca,7,0.0001001
1:177958361:G:C,50epsilonpca,7,0.0
9:21803031:C:T,50epsilonpca,7,0.0
9:65738415:A:G,50epsilonpca,7,0.0
12:112869835:G:A,50epsilonpca,7,0.0
4:119027357:T:A,50epsilonpca,7,0.0
6:32170167:G:T,50epsilonpca,7,0.0
17:49717769:A:G,50epsilonpca,7,0.0
4:118833785:G:A,50epsilonpca,7,0.0
2:65104686:A:G,50epsilonpca,7,0.0
9:134045218:G:A,50epsilonpca,7,5.001e-05
5:129654328:C:T,50epsilonpca,7,0.0
19:48837433:C:A,50epsilonpca,7,5e-05
4:142029201:G:C,50epsilonpca,8,0.0
6:32976837:C:T,50epsilonpca,8,0.0
12:64222257:G:A,50epsilonpca,8,0.0
6:46825518:T:C,50epsilonpca,8,5.002e-05
4:47626401:T:C,50epsilonpca,8,0.0
19:2247079:T:C,50epsilonpca,8,0.0
17:42166577:T:C,50epsilonpca,8,0.0
12:120552446:A:G,50epsilonpca,8,0.0
18:13092468:T:C,50epsilonpca,8,0.0
14:23576981:A:T,50epsilonpca,8,0.0
17:2980255:A:G,50epsilonpca,8,0.0
7:85042326:C:A,50epsilonpca,8,5.005e-05
15:84890591:T:C,50epsilonpca,8,5.007e-05
1:177958361:G:C,50epsilonpca,8,0.0
9:21803031:C:T,50epsilonpca,8,0.0
9:65738415:A:G,50epsilonpca,8,0.0
12:112869835:G:A,50epsilonpca,8,0.0
4:119027357:T:A,50epsilonpca,8,0.0
6:32170167:G:T,50epsilonpca,8,0.0
17:49717769:A:G,50epsilonpca,8,0.0
4:118833785:G:A,50epsilonpca,8,5.042e-05
2:65104686:A:G,50epsilonpca,8,5.003e-05
9:134045218:G:A,50epsilonpca,8,0.0
5:129654328:C:T,50epsilonpca,8,0.0
19:48837433:C:A,50epsilonpca,8,0.0
4:142029201:G:C,50epsilonpca,9,0.0
6:32976837:C:T,50epsilonpca,9,0.0
12:64222257:G:A,50epsilonpca,9,0.00015
6:46825518:T:C,50epsilonpca,9,0.0001501
4:47626401:T:C,50epsilonpca,9,0.0
19:2247079:T:C,50epsilonpca,9,5.001e-05
17:42166577:T:C,50epsilonpca,9,0.0001
12:120552446:A:G,50epsilonpca,9,0.0
18:13092468:T:C,50epsilonpca,9,0.0
14:23576981:A:T,50epsilonpca,9,0.0
17:2980255:A:G,50epsilonpca,9,0.0001
7:85042326:C:A,50epsilonpca,9,0.0
15:84890591:T:C,50epsilonpca,9,0.0
1:177958361:G:C,50epsilonpca,9,5e-05
9:21803031:C:T,50epsilonpca,9,0.0
9:65738415:A:G,50epsilonpca,9,0.0
12:112869835:G:A,50epsilonpca,9,5e-05
4:119027357:T:A,50epsilonpca,9,5e-05
6:32170167:G:T,50epsilonpca,9,0.0
17:49717769:A:G,50epsilonpca,9,0.0
4:118833785:G:A,50epsilonpca,9,0.0
2:65104686:A:G,50epsilonpca,9,5.004e-05
9:134045218:G:A,50epsilonpca,9,0.0
5:129654328:C:T,50epsilonpca,9,5e-05
19:48837433:C:A,50epsilonpca,9,5e-05
4:142029201:G:C,50epsilonpca,10,0.0
6:32976837:C:T,50epsilonpca,10,0.0
12:64222257:G:A,50epsilonpca,10,5e-05
6:46825518:T:C,50epsilonpca,10,0.0
4:47626401:T:C,50epsilonpca,10,0.0
19:2247079:T:C,50epsilonpca,10,5.001e-05
17:42166577:T:C,50epsilonpca,10,0.0
12:120552446:A:G,50epsilonpca,10,0.0
18:13092468:T:C,50epsilonpca,10,5e-05
14:23576981:A:T,50epsilonpca,10,0.0
17:2980255:A:G,50epsilonpca,10,0.0
7:85042326:C:A,50epsilonpca,10,0.0
15:84890591:T:C,50epsilonpca,10,0.0
1:177958361:G:C,50epsilonpca,10,5e-05
9:21803031:C:T,50epsilonpca,10,0.0
9:65738415:A:G,50epsilonpca,10,0.0
12:112869835:G:A,50epsilonpca,10,0.0
4:119027357:T:A,50epsilonpca,10,0.0
6:32170167:G:T,50epsilonpca,10,0.0
17:49717769:A:G,50epsilonpca,10,0.0
4:118833785:G:A,50epsilonpca,10,0.0
2:65104686:A:G,50epsilonpca,10,5.004e-05
9:134045218:G:A,50epsilonpca,10,0.0
5:129654328:C:T,50epsilonpca,10,0.0
19:48837433:C:A,50epsilonpca,10,0.0
4:142029201:G:C,100epsilonpca,1,0.0
6:32976837:C:T,100epsilonpca,1,5e-05
12:64222257:G:A,100epsilonpca,1,0.0
6:46825518:T:C,100epsilonpca,1,0.0
4:47626401:T:C,100epsilonpca,1,0.0
19:2247079:T:C,100epsilonpca,1,5e-05
17:42166577:T:C,100epsilonpca,1,0.0
12:120552446:A:G,100epsilonpca,1,5.003e-05
18:13092468:T:C,100epsilonpca,1,0.0
14:23576981:A:T,100epsilonpca,1,0.0
17:2980255:A:G,100epsilonpca,1,0.0
7:85042326:C:A,100epsilonpca,1,5.009e-05
15:84890591:T:C,100epsilonpca,1,0.0
1:177958361:G:C,100epsilonpca,1,5e-05
9:21803031:C:T,100epsilonpca,1,0.0
9:65738415:A:G,100epsilonpca,1,5.025e-05
12:112869835:G:A,100epsilonpca,1,0.0
4:119027357:T:A,100epsilonpca,1,0.0
6:32170167:G:T,100epsilonpca,1,5e-05
17:49717769:A:G,100epsilonpca,1,0.0
4:118833785:G:A,100epsilonpca,1,0.0
2:65104686:A:G,100epsilonpca,1,0.0
9:134045218:G:A,100epsilonpca,1,0.0
5:129654328:C:T,100epsilonpca,1,0.0
19:48837433:C:A,100epsilonpca,1,0.0
4:142029201:G:C,100epsilonpca,2,0.0
6:32976837:C:T,100epsilonpca,2,5e-05
12:64222257:G:A,100epsilonpca,2,0.0
6:46825518:T:C,100epsilonpca,2,0.0
4:47626401:T:C,100epsilonpca,2,0.0
19:2247079:T:C,100epsilonpca,2,0.0
17:42166577:T:C,100epsilonpca,2,0.0
12:120552446:A:G,100epsilonpca,2,0.0
18:13092468:T:C,100epsilonpca,2,0.0
14:23576981:A:T,100epsilonpca,2,5.002e-05
17:2980255:A:G,100epsilonpca,2,0.0
7:85042326:C:A,100epsilonpca,2,0.0
15:84890591:T:C,100epsilonpca,2,5.011e-05
1:177958361:G:C,100epsilonpca,2,0.0
9:21803031:C:T,100epsilonpca,2,5.035e-05
9:65738415:A:G,100epsilonpca,2,5.02e-05
12:112869835:G:A,100epsilonpca,2,0.0
4:119027357:T:A,100epsilonpca,2,0.0
6:32170167:G:T,100epsilonpca,2,0.0
17:49717769:A:G,100epsilonpca,2,0.0
4:118833785:G:A,100epsilonpca,2,0.0
2:65104686:A:G,100epsilonpca,2,0.0
9:134045218:G:A,100epsilonpca,2,0.0001
5:129654328:C:T,100epsilonpca,2,0.0
19:48837433:C:A,100epsilonpca,2,0.0
4:142029201:G:C,100epsilonpca,3,0.0
6:32976837:C:T,100epsilonpca,3,0.0
12:64222257:G:A,100epsilonpca,3,0.0
6:46825518:T:C,100epsilonpca,3,0.0
4:47626401:T:C,100epsilonpca,3,5.007e-05
19:2247079:T:C,100epsilonpca,3,0.0
17:42166577:T:C,100epsilonpca,3,0.0
12:120552446:A:G,100epsilonpca,3,0.0
18:13092468:T:C,100epsilonpca,3,0.0
14:23576981:A:T,100epsilonpca,3,0.0
17:2980255:A:G,100epsilonpca,3,5.001e-05
7:85042326:C:A,100epsilonpca,3,0.0
15:84890591:T:C,100epsilonpca,3,0.0
1:177958361:G:C,100epsilonpca,3,0.0
9:21803031:C:T,100epsilonpca,3,0.0
9:65738415:A:G,100epsilonpca,3,0.0
12:112869835:G:A,100epsilonpca,3,0.0
4:119027357:T:A,100epsilonpca,3,0.0
6:32170167:G:T,100epsilonpca,3,0.0
17:49717769:A:G,100epsilonpca,3,0.0
4:118833785:G:A,100epsilonpca,3,0.0
2:65104686:A:G,100epsilonpca,3,5.006e-05
9:134045218:G:A,100epsilonpca,3,0.0
5:129654328:C:T,100epsilonpca,3,5e-05
19:48837433:C:A,100epsilonpca,3,0.0
4:142029201:G:C,100epsilonpca,4,0.0
6:32976837:C:T,100epsilonpca,4,0.0
12:64222257:G:A,100epsilonpca,4,0.0
6:46825518:T:C,100epsilonpca,4,0.0
4:47626401:T:C,100epsilonpca,4,0.0
19:2247079:T:C,100epsilonpca,4,0.0
17:42166577:T:C,100epsilonpca,4,5.002e-05
12:120552446:A:G,100epsilonpca,4,0.0
18:13092468:T:C,100epsilonpca,4,0.0
14:23576981:A:T,100epsilonpca,4,0.0
17:2980255:A:G,100epsilonpca,4,5.001e-05
7:85042326:C:A,100epsilonpca,4,0.0
15:84890591:T:C,100epsilonpca,4,0.0
1:177958361:G:C,100epsilonpca,4,0.0
9:21803031:C:T,100epsilonpca,4,0.0
9:65738415:A:G,100epsilonpca,4,0.0
12:112869835:G:A,100epsilonpca,4,0.0
4:119027357:T:A,100epsilonpca,4,0.0
6:32170167:G:T,100epsilonpca,4,0.0001
17:49717769:A:G,100epsilonpca,4,0.0
4:118833785:G:A,100epsilonpca,4,5.027e-05
2:65104686:A:G,100epsilonpca,4,5.004e-05
9:134045218:G:A,100epsilonpca,4,0.0
5:129654328:C:T,100epsilonpca,4,0.0
19:48837433:C:A,100epsilonpca,4,0.0
4:142029201:G:C,100epsilonpca,5,0.0
6:32976837:C:T,100epsilonpca,5,5e-05
12:64222257:G:A,100epsilonpca,5,0.0
6:46825518:T:C,100epsilonpca,5,0.0
4:47626401:T:C,100epsilonpca,5,0.0
19:2247079:T:C,100epsilonpca,5,0.0
17:42166577:T:C,100epsilonpca,5,0.0
12:120552446:A:G,100epsilonpca,5,0.0
18:13092468:T:C,100epsilonpca,5,5.001e-05
14:23576981:A:T,100epsilonpca,5,0.0
17:2980255:A:G,100epsilonpca,5,0.0
7:85042326:C:A,100epsilonpca,5,0.0
15:84890591:T:C,100epsilonpca,5,0.0
1:177958361:G:C,100epsilonpca,5,0.0
9:21803031:C:T,100epsilonpca,5,0.0
9:65738415:A:G,100epsilonpca,5,0.0
12:112869835:G:A,100epsilonpca,5,5e-05
4:119027357:T:A,100epsilonpca,5,5e-05
6:32170167:G:T,100epsilonpca,5,0.0
17:49717769:A:G,100epsilonpca,5,0.0
4:118833785:G:A,100epsilonpca,5,0.0
2:65104686:A:G,100epsilonpca,5,0.0
9:134045218:G:A,100epsilonpca,5,0.0
5:129654328:C:T,100epsilonpca,5,0.0
19:48837433:C:A,100epsilonpca,5,0.0
4:142029201:G:C,100epsilonpca,6,0.0
6:32976837:C:T,100epsilonpca,6,0.0
12:64222257:G:A,100epsilonpca,6,0.0
6:46825518:T:C,100epsilonpca,6,0.0
4:47626401:T:C,100epsilonpca,6,0.0
19:2247079:T:C,100epsilonpca,6,0.0
17:42166577:T:C,100epsilonpca,6,0.0
12:120552446:A:G,100epsilonpca,6,0.0
18:13092468:T:C,100epsilonpca,6,0.0
14:23576981:A:T,100epsilonpca,6,5.002e-05
17:2980255:A:G,100epsilonpca,6,0.0
7:85042326:C:A,100epsilonpca,6,0.0
15:84890591:T:C,100epsilonpca,6,0.0
1:177958361:G:C,100epsilonpca,6,0.0
9:21803031:C:T,100epsilonpca,6,5.038e-05
9:65738415:A:G,100epsilonpca,6,0.0
12:112869835:G:A,100epsilonpca,6,0.0
4:119027357:T:A,100epsilonpca,6,0.0
6:32170167:G:T,100epsilonpca,6,0.0
17:49717769:A:G,100epsilonpca,6,0.0
4:118833785:G:A,100epsilonpca,6,0.0
2:65104686:A:G,100epsilonpca,6,0.0
9:134045218:G:A,100epsilonpca,6,0.0
5:129654328:C:T,100epsilonpca,6,5e-05
19:48837433:C:A,100epsilonpca,6,0.0
4:142029201:G:C,100epsilonpca,7,0.0
6:32976837:C:T,100epsilonpca,7,0.0
12:64222257:G:A,100epsilonpca,7,0.0
6:46825518:T:C,100epsilonpca,7,0.0
4:47626401:T:C,100epsilonpca,7,0.0
19:2247079:T:C,100epsilonpca,7,0.0
17:42166577:T:C,100epsilonpca,7,0.0
12:120552446:A:G,100epsilonpca,7,0.0
18:13092468:T:C,100epsilonpca,7,0.0
14:23576981:A:T,100epsilonpca,7,0.0
17:2980255:A:G,100epsilonpca,7,0.0
7:85042326:C:A,100epsilonpca,7,0.0
15:84890591:T:C,100epsilonpca,7,0.0
1:177958361:G:C,100epsilonpca,7,0.0
9:21803031:C:T,100epsilonpca,7,5.034e-05
9:65738415:A:G,100epsilonpca,7,0.0
12:112869835:G:A,100epsilonpca,7,5e-05
4:119027357:T:A,100epsilonpca,7,0.0
6:32170167:G:T,100epsilonpca,7,0.0
17:49717769:A:G,100epsilonpca,7,0.0
4:118833785:G:A,100epsilonpca,7,0.0
2:65104686:A:G,100epsilonpca,7,0.0
9:134045218:G:A,100epsilonpca,7,5.001e-05
5:129654328:C:T,100epsilonpca,7,0.0
19:48837433:C:A,100epsilonpca,7,0.0
4:142029201:G:C,100epsilonpca,8,0.0
6:32976837:C:T,100epsilonpca,8,0.0
12:64222257:G:A,100epsilonpca,8,0.0
6:46825518:T:C,100epsilonpca,8,0.0
4:47626401:T:C,100epsilonpca,8,0.0
19:2247079:T:C,100epsilonpca,8,5e-05
17:42166577:T:C,100epsilonpca,8,0.0
12:120552446:A:G,100epsilonpca,8,0.0
18:13092468:T:C,100epsilonpca,8,0.0
14:23576981:A:T,100epsilonpca,8,0.0
17:2980255:A:G,100epsilonpca,8,0.0
7:85042326:C:A,100epsilonpca,8,0.0
15:84890591:T:C,100epsilonpca,8,0.0
1:177958361:G:C,100epsilonpca,8,0.0
9:21803031:C:T,100epsilonpca,8,0.0
9:65738415:A:G,100epsilonpca,8,5.018e-05
12:112869835:G:A,100epsilonpca,8,0.0
4:119027357:T:A,100epsilonpca,8,0.0
6:32170167:G:T,100epsilonpca,8,0.0
17:49717769:A:G,100epsilonpca,8,5.004e-05
4:118833785:G:A,100epsilonpca,8,5.034e-05
2:65104686:A:G,100epsilonpca,8,0.0
9:134045218:G:A,100epsilonpca,8,0.0001
5:129654328:C:T,100epsilonpca,8,0.0
19:48837433:C:A,100epsilonpca,8,0.0
4:142029201:G:C,100epsilonpca,9,0.0
6:32976837:C:T,100epsilonpca,9,0.0
12:64222257:G:A,100epsilonpca,9,0.0
6:46825518:T:C,100epsilonpca,9,0.0
4:47626401:T:C,100epsilonpca,9,0.0
19:2247079:T:C,100epsilonpca,9,0.0
17:42166577:T:C,100epsilonpca,9,5.005e-05
12:120552446:A:G,100epsilonpca,9,0.0
18:13092468:T:C,100epsilonpca,9,5.001e-05
14:23576981:A:T,100epsilonpca,9,0.0
17:2980255:A:G,100epsilonpca,9,5e-05
7:85042326:C:A,100epsilonpca,9,0.0
15:84890591:T:C,100epsilonpca,9,0.0
1:177958361:G:C,100epsilonpca,9,0.0
9:21803031:C:T,100epsilonpca,9,5.038e-05
9:65738415:A:G,100epsilonpca,9,0.0
12:112869835:G:A,100epsilonpca,9,0.0
4:119027357:T:A,100epsilonpca,9,0.0
6:32170167:G:T,100epsilonpca,9,0.0
17:49717769:A:G,100epsilonpca,9,5.002e-05
4:118833785:G:A,100epsilonpca,9,0.0
2:65104686:A:G,100epsilonpca,9,0.0
9:134045218:G:A,100epsilonpca,9,0.0
5:129654328:C:T,100epsilonpca,9,0.0
19:48837433:C:A,100epsilonpca,9,5e-05
4:142029201:G:C,100epsilonpca,10,0.0
6:32976837:C:T,100epsilonpca,10,5e-05
12:64222257:G:A,100epsilonpca,10,0.0
6:46825518:T:C,100epsilonpca,10,0.0
4:47626401:T:C,100epsilonpca,10,0.0
19:2247079:T:C,100epsilonpca,10,0.0
17:42166577:T:C,100epsilonpca,10,0.0
12:120552446:A:G,100epsilonpca,10,5.002e-05
18:13092468:T:C,100epsilonpca,10,5.001e-05
14:23576981:A:T,100epsilonpca,10,0.0
17:2980255:A:G,100epsilonpca,10,5e-05
7:85042326:C:A,100epsilonpca,10,0.0
15:84890591:T:C,100epsilonpca,10,5.011e-05
1:177958361:G:C,100epsilonpca,10,0.0
9:21803031:C:T,100epsilonpca,10,0.0
9:65738415:A:G,100epsilonpca,10,5.023e-05
12:112869835:G:A,100epsilonpca,10,0.0
4:119027357:T:A,100epsilonpca,10,0.0
6:32170167:G:T,100epsilonpca,10,0.0
17:49717769:A:G,100epsilonpca,10,0.0
4:118833785:G:A,100epsilonpca,10,5.039e-05
2:65104686:A:G,100epsilonpca,10,0.0
9:134045218:G:A,100epsilonpca,10,5.001e-05
5:129654328:C:T,100epsilonpca,10,0.0
19:48837433:C:A,100epsilonpca,10,0.0
4:142029201:G:C,closest10kpca,1,0.0
6:32976837:C:T,closest10kpca,1,5e-05
12:64222257:G:A,closest10kpca,1,5e-05
6:46825518:T:C,closest10kpca,1,0.0
4:47626401:T:C,closest10kpca,1,0.0
19:2247079:T:C,closest10kpca,1,0.0
17:42166577:T:C,closest10kpca,1,5.003e-05
12:120552446:A:G,closest10kpca,1,0.0
18:13092468:T:C,closest10kpca,1,5.001e-05
14:23576981:A:T,closest10kpca,1,0.0
17:2980255:A:G,closest10kpca,1,0.0
7:85042326:C:A,closest10kpca,1,5.007e-05
15:84890591:T:C,closest10kpca,1,0.0
1:177958361:G:C,closest10kpca,1,0.0
9:21803031:C:T,closest10kpca,1,0.0
9:65738415:A:G,closest10kpca,1,0.0
12:112869835:G:A,closest10kpca,1,0.0
4:119027357:T:A,closest10kpca,1,0.0001
6:32170167:G:T,closest10kpca,1,0.0
17:49717769:A:G,closest10kpca,1,0.0
4:118833785:G:A,closest10kpca,1,0.0
2:65104686:A:G,closest10kpca,1,5.003e-05
9:134045218:G:A,closest10kpca,1,0.0001
5:129654328:C:T,closest10kpca,1,5e-05
19:48837433:C:A,closest10kpca,1,0.0
4:142029201:G:C,closest10kpca,2,0.0
6:32976837:C:T,closest10kpca,2,5e-05
12:64222257:G:A,closest10kpca,2,5e-05
6:46825518:T:C,closest10kpca,2,0.0
4:47626401:T:C,closest10kpca,2,0.0
19:2247079:T:C,closest10kpca,2,0.0
17:42166577:T:C,closest10kpca,2,5.003e-05
12:120552446:A:G,closest10kpca,2,0.0
18:13092468:T:C,closest10kpca,2,5.001e-05
14:23576981:A:T,closest10kpca,2,0.0
17:2980255:A:G,closest10kpca,2,0.0
7:85042326:C:A,closest10kpca,2,5.007e-05
15:84890591:T:C,closest10kpca,2,0.0
1:177958361:G:C,closest10kpca,2,0.0
9:21803031:C:T,closest10kpca,2,0.0
9:65738415:A:G,closest10kpca,2,0.0
12:112869835:G:A,closest10kpca,2,0.0
4:119027357:T:A,closest10kpca,2,0.0001
6:32170167:G:T,closest10kpca,2,0.0
17:49717769:A:G,closest10kpca,2,0.0
4:118833785:G:A,closest10kpca,2,0.0
2:65104686:A:G,closest10kpca,2,5.003e-05
9:134045218:G:A,closest10kpca,2,0.0001
5:129654328:C:T,closest10kpca,2,5e-05
19:48837433:C:A,closest10kpca,2,0.0
4:142029201:G:C,closest10kpca,3,0.0
6:32976837:C:T,closest10kpca,3,5e-05
12:64222257:G:A,closest10kpca,3,5e-05
6:46825518:T:C,closest10kpca,3,0.0
4:47626401:T:C,closest10kpca,3,0.0
19:2247079:T:C,closest10kpca,3,0.0
17:42166577:T:C,closest10kpca,3,5.003e-05
12:120552446:A:G,closest10kpca,3,0.0
18:13092468:T:C,closest10kpca,3,5.001e-05
14:23576981:A:T,closest10kpca,3,0.0
17:2980255:A:G,closest10kpca,3,0.0
7:85042326:C:A,closest10kpca,3,5.007e-05
15:84890591:T:C,closest10kpca,3,0.0
1:177958361:G:C,closest10kpca,3,0.0
9:21803031:C:T,closest10kpca,3,0.0
9:65738415:A:G,closest10kpca,3,0.0
12:112869835:G:A,closest10kpca,3,0.0
4:119027357:T:A,closest10kpca,3,0.0001
6:32170167:G:T,closest10kpca,3,0.0
17:49717769:A:G,closest10kpca,3,0.0
4:118833785:G:A,closest10kpca,3,0.0
2:65104686:A:G,closest10kpca,3,5.003e-05
9:134045218:G:A,closest10kpca,3,0.0001
5:129654328:C:T,closest10kpca,3,5e-05
19:48837433:C:A,closest10kpca,3,0.0
4:142029201:G:C,closest10kpca,4,0.0
6:32976837:C:T,closest10kpca,4,5e-05
12:64222257:G:A,closest10kpca,4,5e-05
6:46825518:T:C,closest10kpca,4,0.0
4:47626401:T:C,closest10kpca,4,0.0
19:2247079:T:C,closest10kpca,4,0.0
17:42166577:T:C,closest10kpca,4,5.003e-05
12:120552446:A:G,closest10kpca,4,0.0
18:13092468:T:C,closest10kpca,4,5.001e-05
14:23576981:A:T,closest10kpca,4,0.0
17:2980255:A:G,closest10kpca,4,0.0
7:85042326:C:A,closest10kpca,4,5.007e-05
15:84890591:T:C,closest10kpca,4,0.0
1:177958361:G:C,closest10kpca,4,0.0
9:21803031:C:T,closest10kpca,4,0.0
9:65738415:A:G,closest10kpca,4,0.0
12:112869835:G:A,closest10kpca,4,0.0
4:119027357:T:A,closest10kpca,4,0.0001
6:32170167:G:T,closest10kpca,4,0.0
17:49717769:A:G,closest10kpca,4,0.0
4:118833785:G:A,closest10kpca,4,0.0
2:65104686:A:G,closest10kpca,4,5.003e-05
9:134045218:G:A,closest10kpca,4,0.0001
5:129654328:C:T,closest10kpca,4,5e-05
19:48837433:C:A,closest10kpca,4,0.0
4:142029201:G:C,closest10kpca,5,0.0
6:32976837:C:T,closest10kpca,5,5e-05
12:64222257:G:A,closest10kpca,5,5e-05
6:46825518:T:C,closest10kpca,5,0.0
4:47626401:T:C,closest10kpca,5,0.0
19:2247079:T:C,closest10kpca,5,0.0
17:42166577:T:C,closest10kpca,5,5.003e-05
12:120552446:A:G,closest10kpca,5,0.0
18:13092468:T:C,closest10kpca,5,5.001e-05
14:23576981:A:T,closest10kpca,5,0.0
17:2980255:A:G,closest10kpca,5,0.0
7:85042326:C:A,closest10kpca,5,5.007e-05
15:84890591:T:C,closest10kpca,5,0.0
1:177958361:G:C,closest10kpca,5,0.0
9:21803031:C:T,closest10kpca,5,0.0
9:65738415:A:G,closest10kpca,5,0.0
12:112869835:G:A,closest10kpca,5,0.0
4:119027357:T:A,closest10kpca,5,0.0001
6:32170167:G:T,closest10kpca,5,0.0
17:49717769:A:G,closest10kpca,5,0.0
4:118833785:G:A,closest10kpca,5,0.0
2:65104686:A:G,closest10kpca,5,5.003e-05
9:134045218:G:A,closest10kpca,5,0.0001
5:129654328:C:T,closest10kpca,5,5e-05
19:48837433:C:A,closest10kpca,5,0.0
4:142029201:G:C,closest10kpca,6,0.0
6:32976837:C:T,closest10kpca,6,5e-05
12:64222257:G:A,closest10kpca,6,5e-05
6:46825518:T:C,closest10kpca,6,0.0
4:47626401:T:C,closest10kpca,6,0.0
19:2247079:T:C,closest10kpca,6,0.0
17:42166577:T:C,closest10kpca,6,5.003e-05
12:120552446:A:G,closest10kpca,6,0.0
18:13092468:T:C,closest10kpca,6,5.001e-05
14:23576981:A:T,closest10kpca,6,0.0
17:2980255:A:G,closest10kpca,6,0.0
7:85042326:C:A,closest10kpca,6,5.007e-05
15:84890591:T:C,closest10kpca,6,0.0
1:177958361:G:C,closest10kpca,6,0.0
9:21803031:C:T,closest10kpca,6,0.0
9:65738415:A:G,closest10kpca,6,0.0
12:112869835:G:A,closest10kpca,6,0.0
4:119027357:T:A,closest10kpca,6,0.0001
6:32170167:G:T,closest10kpca,6,0.0
17:49717769:A:G,closest10kpca,6,0.0
4:118833785:G:A,closest10kpca,6,0.0
2:65104686:A:G,closest10kpca,6,5.003e-05
9:134045218:G:A,closest10kpca,6,0.0001
5:129654328:C:T,closest10kpca,6,5e-05
19:48837433:C:A,closest10kpca,6,0.0
4:142029201:G:C,closest10kpca,7,0.0
6:32976837:C:T,closest10kpca,7,5e-05
12:64222257:G:A,closest10kpca,7,5e-05
6:46825518:T:C,closest10kpca,7,0.0
4:47626401:T:C,closest10kpca,7,0.0
19:2247079:T:C,closest10kpca,7,0.0
17:42166577:T:C,closest10kpca,7,5.003e-05
12:120552446:A:G,closest10kpca,7,0.0
18:13092468:T:C,closest10kpca,7,5.001e-05
14:23576981:A:T,closest10kpca,7,0.0
17:2980255:A:G,closest10kpca,7,0.0
7:85042326:C:A,closest10kpca,7,5.007e-05
15:84890591:T:C,closest10kpca,7,0.0
1:177958361:G:C,closest10kpca,7,0.0
9:21803031:C:T,closest10kpca,7,0.0
9:65738415:A:G,closest10kpca,7,0.0
12:112869835:G:A,closest10kpca,7,0.0
4:119027357:T:A,closest10kpca,7,0.0001
6:32170167:G:T,closest10kpca,7,0.0
17:49717769:A:G,closest10kpca,7,0.0
4:118833785:G:A,closest10kpca,7,0.0
2:65104686:A:G,closest10kpca,7,5.003e-05
9:134045218:G:A,closest10kpca,7,0.0001
5:129654328:C:T,closest10kpca,7,5e-05
19:48837433:C:A,closest10kpca,7,0.0
4:142029201:G:C,closest10kpca,8,0.0
6:32976837:C:T,closest10kpca,8,5e-05
12:64222257:G:A,closest10kpca,8,5e-05
6:46825518:T:C,closest10kpca,8,0.0
4:47626401:T:C,closest10kpca,8,0.0
19:2247079:T:C,closest10kpca,8,0.0
17:42166577:T:C,closest10kpca,8,5.003e-05
12:120552446:A:G,closest10kpca,8,0.0
18:13092468:T:C,closest10kpca,8,5.001e-05
14:23576981:A:T,closest10kpca,8,0.0
17:2980255:A:G,closest10kpca,8,0.0
7:85042326:C:A,closest10kpca,8,5.007e-05
15:84890591:T:C,closest10kpca,8,0.0
1:177958361:G:C,closest10kpca,8,0.0
9:21803031:C:T,closest10kpca,8,0.0
9:65738415:A:G,closest10kpca,8,0.0
12:112869835:G:A,closest10kpca,8,0.0
4:119027357:T:A,closest10kpca,8,0.0001
6:32170167:G:T,closest10kpca,8,0.0
17:49717769:A:G,closest10kpca,8,0.0
4:118833785:G:A,closest10kpca,8,0.0
2:65104686:A:G,closest10kpca,8,5.003e-05
9:134045218:G:A,closest10kpca,8,0.0001
5:129654328:C:T,closest10kpca,8,5e-05
19:48837433:C:A,closest10kpca,8,0.0
4:142029201:G:C,closest10kpca,9,0.0
6:32976837:C:T,closest10kpca,9,5e-05
12:64222257:G:A,closest10kpca,9,5e-05
6:46825518:T:C,closest10kpca,9,0.0
4:47626401:T:C,closest10kpca,9,0.0
19:2247079:T:C,closest10kpca,9,0.0
17:42166577:T:C,closest10kpca,9,5.003e-05
12:120552446:A:G,closest10kpca,9,0.0
18:13092468:T:C,closest10kpca,9,5.001e-05
14:23576981:A:T,closest10kpca,9,0.0
17:2980255:A:G,closest10kpca,9,0.0
7:85042326:C:A,closest10kpca,9,5.007e-05
15:84890591:T:C,closest10kpca,9,0.0
1:177958361:G:C,closest10kpca,9,0.0
9:21803031:C:T,closest10kpca,9,0.0
9:65738415:A:G,closest10kpca,9,0.0
12:112869835:G:A,closest10kpca,9,0.0
4:119027357:T:A,closest10kpca,9,0.0001
6:32170167:G:T,closest10kpca,9,0.0
17:49717769:A:G,closest10kpca,9,0.0
4:118833785:G:A,closest10kpca,9,0.0
2:65104686:A:G,closest10kpca,9,5.003e-05
9:134045218:G:A,closest10kpca,9,0.0001
5:129654328:C:T,closest10kpca,9,5e-05
19:48837433:C:A,closest10kpca,9,0.0
4:142029201:G:C,closest10kpca,10,0.0
6:32976837:C:T,closest10kpca,10,5e-05
12:64222257:G:A,closest10kpca,10,5e-05
6:46825518:T:C,closest10kpca,10,0.0
4:47626401:T:C,closest10kpca,10,0.0
19:2247079:T:C,closest10kpca,10,0.0
17:42166577:T:C,closest10kpca,10,5.003e-05
12:120552446:A:G,closest10kpca,10,0.0
18:13092468:T:C,closest10kpca,10,5.001e-05
14:23576981:A:T,closest10kpca,10,0.0
17:2980255:A:G,closest10kpca,10,0.0
7:85042326:C:A,closest10kpca,10,5.007e-05
15:84890591:T:C,closest10kpca,10,0.0
1:177958361:G:C,closest10kpca,10,0.0
9:21803031:C:T,closest10kpca,10,0.0
9:65738415:A:G,closest10kpca,10,0.0
12:112869835:G:A,closest10kpca,10,0.0
4:119027357:T:A,closest10kpca,10,0.0001
6:32170167:G:T,closest10kpca,10,0.0
17:49717769:A:G,closest10kpca,10,0.0
4:118833785:G:A,closest10kpca,10,0.0
2:65104686:A:G,closest10kpca,10,5.003e-05
9:134045218:G:A,closest10kpca,10,0.0001
5:129654328:C:T,closest10kpca,10,5e-05
19:48837433:C:A,closest10kpca,10,0.0
4:142029201:G:C,5epsilongeo,1,0.0
6:32976837:C:T,5epsilongeo,1,0.0001
12:64222257:G:A,5epsilongeo,1,0.0001
6:46825518:T:C,5epsilongeo,1,0.0
4:47626401:T:C,5epsilongeo,1,0.0
19:2247079:T:C,5epsilongeo,1,0.0
17:42166577:T:C,5epsilongeo,1,0.0
12:120552446:A:G,5epsilongeo,1,0.0
18:13092468:T:C,5epsilongeo,1,0.0
14:23576981:A:T,5epsilongeo,1,0.0
17:2980255:A:G,5epsilongeo,1,0.0
7:85042326:C:A,5epsilongeo,1,5.005e-05
15:84890591:T:C,5epsilongeo,1,0.0001002
1:177958361:G:C,5epsilongeo,1,0.0
9:21803031:C:T,5epsilongeo,1,5.041e-05
9:65738415:A:G,5epsilongeo,1,0.0
12:112869835:G:A,5epsilongeo,1,0.0
4:119027357:T:A,5epsilongeo,1,0.0
6:32170167:G:T,5epsilongeo,1,5e-05
17:49717769:A:G,5epsilongeo,1,5.005e-05
4:118833785:G:A,5epsilongeo,1,0.0
2:65104686:A:G,5epsilongeo,1,0.0
9:134045218:G:A,5epsilongeo,1,0.0
5:129654328:C:T,5epsilongeo,1,0.0001
19:48837433:C:A,5epsilongeo,1,0.0
4:142029201:G:C,5epsilongeo,2,0.0
6:32976837:C:T,5epsilongeo,2,0.0001
12:64222257:G:A,5epsilongeo,2,0.0
6:46825518:T:C,5epsilongeo,2,0.0
4:47626401:T:C,5epsilongeo,2,0.0
19:2247079:T:C,5epsilongeo,2,0.0
17:42166577:T:C,5epsilongeo,2,0.0
12:120552446:A:G,5epsilongeo,2,0.0
18:13092468:T:C,5epsilongeo,2,0.0
14:23576981:A:T,5epsilongeo,2,0.0
17:2980255:A:G,5epsilongeo,2,0.0
7:85042326:C:A,5epsilongeo,2,0.0
15:84890591:T:C,5epsilongeo,2,5.009e-05
1:177958361:G:C,5epsilongeo,2,5.001e-05
9:21803031:C:T,5epsilongeo,2,0.0
9:65738415:A:G,5epsilongeo,2,0.0
12:112869835:G:A,5epsilongeo,2,0.0
4:119027357:T:A,5epsilongeo,2,0.0
6:32170167:G:T,5epsilongeo,2,0.0
17:49717769:A:G,5epsilongeo,2,0.0
4:118833785:G:A,5epsilongeo,2,5.035e-05
2:65104686:A:G,5epsilongeo,2,5.002e-05
9:134045218:G:A,5epsilongeo,2,5.002e-05
5:129654328:C:T,5epsilongeo,2,0.0
19:48837433:C:A,5epsilongeo,2,0.0
4:142029201:G:C,5epsilongeo,3,0.0
6:32976837:C:T,5epsilongeo,3,5e-05
12:64222257:G:A,5epsilongeo,3,5e-05
6:46825518:T:C,5epsilongeo,3,5.005e-05
4:47626401:T:C,5epsilongeo,3,0.0
19:2247079:T:C,5epsilongeo,3,0.0
17:42166577:T:C,5epsilongeo,3,0.0
12:120552446:A:G,5epsilongeo,3,5.002e-05
18:13092468:T:C,5epsilongeo,3,5e-05
14:23576981:A:T,5epsilongeo,3,0.0
17:2980255:A:G,5epsilongeo,3,0.0
7:85042326:C:A,5epsilongeo,3,0.0
15:84890591:T:C,5epsilongeo,3,5.009e-05
1:177958361:G:C,5epsilongeo,3,0.0
9:21803031:C:T,5epsilongeo,3,5.03e-05
9:65738415:A:G,5epsilongeo,3,5.028e-05
12:112869835:G:A,5epsilongeo,3,0.0
4:119027357:T:A,5epsilongeo,3,0.0
6:32170167:G:T,5epsilongeo,3,5e-05
17:49717769:A:G,5epsilongeo,3,0.0
4:118833785:G:A,5epsilongeo,3,0.0
2:65104686:A:G,5epsilongeo,3,5.006e-05
9:134045218:G:A,5epsilongeo,3,0.0
5:129654328:C:T,5epsilongeo,3,5e-05
19:48837433:C:A,5epsilongeo,3,0.0
4:142029201:G:C,5epsilongeo,4,0.0
6:32976837:C:T,5epsilongeo,4,0.0
12:64222257:G:A,5epsilongeo,4,0.0001
6:46825518:T:C,5epsilongeo,4,0.0
4:47626401:T:C,5epsilongeo,4,0.0
19:2247079:T:C,5epsilongeo,4,0.0
17:42166577:T:C,5epsilongeo,4,0.0
12:120552446:A:G,5epsilongeo,4,5.002e-05
18:13092468:T:C,5epsilongeo,4,0.0
14:23576981:A:T,5epsilongeo,4,0.0
17:2980255:A:G,5epsilongeo,4,0.0
7:85042326:C:A,5epsilongeo,4,5.003e-05
15:84890591:T:C,5epsilongeo,4,0.0001502
1:177958361:G:C,5epsilongeo,4,5.001e-05
9:21803031:C:T,5epsilongeo,4,5.042e-05
9:65738415:A:G,5epsilongeo,4,5.021e-05
12:112869835:G:A,5epsilongeo,4,0.0
4:119027357:T:A,5epsilongeo,4,0.0
6:32170167:G:T,5epsilongeo,4,5e-05
17:49717769:A:G,5epsilongeo,4,5.004e-05
4:118833785:G:A,5epsilongeo,4,5.039e-05
2:65104686:A:G,5epsilongeo,4,5.005e-05
9:134045218:G:A,5epsilongeo,4,0.0
5:129654328:C:T,5epsilongeo,4,0.0
19:48837433:C:A,5epsilongeo,4,0.0
4:142029201:G:C,5epsilongeo,5,0.0
6:32976837:C:T,5epsilongeo,5,0.00015
12:64222257:G:A,5epsilongeo,5,5e-05
6:46825518:T:C,5epsilongeo,5,0.0
4:47626401:T:C,5epsilongeo,5,0.0
19:2247079:T:C,5epsilongeo,5,0.0
17:42166577:T:C,5epsilongeo,5,5.002e-05
12:120552446:A:G,5epsilongeo,5,0.0
18:13092468:T:C,5epsilongeo,5,0.0
14:23576981:A:T,5epsilongeo,5,0.0
17:2980255:A:G,5epsilongeo,5,0.0
7:85042326:C:A,5epsilongeo,5,5.005e-05
15:84890591:T:C,5epsilongeo,5,5.008e-05
1:177958361:G:C,5epsilongeo,5,0.0
9:21803031:C:T,5epsilongeo,5,0.0
9:65738415:A:G,5epsilongeo,5,5.025e-05
12:112869835:G:A,5epsilongeo,5,0.0
4:119027357:T:A,5epsilongeo,5,0.0
6:32170167:G:T,5epsilongeo,5,5e-05
17:49717769:A:G,5epsilongeo,5,0.0
4:118833785:G:A,5epsilongeo,5,5.036e-05
2:65104686:A:G,5epsilongeo,5,0.0
9:134045218:G:A,5epsilongeo,5,5.002e-05
5:129654328:C:T,5epsilongeo,5,0.0
19:48837433:C:A,5epsilongeo,5,0.0
4:142029201:G:C,5epsilongeo,6,0.0
6:32976837:C:T,5epsilongeo,6,5e-05
12:64222257:G:A,5epsilongeo,6,5e-05
6:46825518:T:C,5epsilongeo,6,0.0
4:47626401:T:C,5epsilongeo,6,0.0
19:2247079:T:C,5epsilongeo,6,0.0
17:42166577:T:C,5epsilongeo,6,0.0
12:120552446:A:G,5epsilongeo,6,5.002e-05
18:13092468:T:C,5epsilongeo,6,0.0
14:23576981:A:T,5epsilongeo,6,0.0
17:2980255:A:G,5epsilongeo,6,0.0
7:85042326:C:A,5epsilongeo,6,5.005e-05
15:84890591:T:C,5epsilongeo,6,5.011e-05
1:177958361:G:C,5epsilongeo,6,0.0
9:21803031:C:T,5epsilongeo,6,0.0
9:65738415:A:G,5epsilongeo,6,5.023e-05
12:112869835:G:A,5epsilongeo,6,0.0
4:119027357:T:A,5epsilongeo,6,0.0
6:32170167:G:T,5epsilongeo,6,0.0
17:49717769:A:G,5epsilongeo,6,0.0
4:118833785:G:A,5epsilongeo,6,5.036e-05
2:65104686:A:G,5epsilongeo,6,0.0
9:134045218:G:A,5epsilongeo,6,5.001e-05
5:129654328:C:T,5epsilongeo,6,0.0
19:48837433:C:A,5epsilongeo,6,0.0
4:142029201:G:C,5epsilongeo,7,0.0
6:32976837:C:T,5epsilongeo,7,5e-05
12:64222257:G:A,5epsilongeo,7,0.0001
6:46825518:T:C,5epsilongeo,7,5.006e-05
4:47626401:T:C,5epsilongeo,7,0.0
19:2247079:T:C,5epsilongeo,7,0.0
17:42166577:T:C,5epsilongeo,7,0.0
12:120552446:A:G,5epsilongeo,7,5.001e-05
18:13092468:T:C,5epsilongeo,7,5e-05
14:23576981:A:T,5epsilongeo,7,0.0
17:2980255:A:G,5epsilongeo,7,0.0
7:85042326:C:A,5epsilongeo,7,0.0
15:84890591:T:C,5epsilongeo,7,5.011e-05
1:177958361:G:C,5epsilongeo,7,0.0
9:21803031:C:T,5epsilongeo,7,5.04e-05
9:65738415:A:G,5epsilongeo,7,0.0
12:112869835:G:A,5epsilongeo,7,0.0
4:119027357:T:A,5epsilongeo,7,0.0
6:32170167:G:T,5epsilongeo,7,0.0
17:49717769:A:G,5epsilongeo,7,0.0
4:118833785:G:A,5epsilongeo,7,5.037e-05
2:65104686:A:G,5epsilongeo,7,5.005e-05
9:134045218:G:A,5epsilongeo,7,5e-05
5:129654328:C:T,5epsilongeo,7,5e-05
19:48837433:C:A,5epsilongeo,7,0.0
4:142029201:G:C,5epsilongeo,8,0.0
6:32976837:C:T,5epsilongeo,8,0.0001
12:64222257:G:A,5epsilongeo,8,0.0001
6:46825518:T:C,5epsilongeo,8,0.0
4:47626401:T:C,5epsilongeo,8,0.0
19:2247079:T:C,5epsilongeo,8,0.0
17:42166577:T:C,5epsilongeo,8,5.003e-05
12:120552446:A:G,5epsilongeo,8,0.0
18:13092468:T:C,5epsilongeo,8,0.0
14:23576981:A:T,5epsilongeo,8,0.0
17:2980255:A:G,5epsilongeo,8,0.0
7:85042326:C:A,5epsilongeo,8,5.005e-05
15:84890591:T:C,5epsilongeo,8,0.0
1:177958361:G:C,5epsilongeo,8,0.0
9:21803031:C:T,5epsilongeo,8,0.0
9:65738415:A:G,5epsilongeo,8,5.024e-05
12:112869835:G:A,5epsilongeo,8,0.0
4:119027357:T:A,5epsilongeo,8,0.0
6:32170167:G:T,5epsilongeo,8,0.0
17:49717769:A:G,5epsilongeo,8,5.005e-05
4:118833785:G:A,5epsilongeo,8,0.0
2:65104686:A:G,5epsilongeo,8,0.0
9:134045218:G:A,5epsilongeo,8,0.0
5:129654328:C:T,5epsilongeo,8,0.0001
19:48837433:C:A,5epsilongeo,8,0.0
4:142029201:G:C,5epsilongeo,9,0.0
6:32976837:C:T,5epsilongeo,9,0.0
12:64222257:G:A,5epsilongeo,9,0.0001
6:46825518:T:C,5epsilongeo,9,0.0
4:47626401:T:C,5epsilongeo,9,0.0
19:2247079:T:C,5epsilongeo,9,0.0
17:42166577:T:C,5epsilongeo,9,0.0
12:120552446:A:G,5epsilongeo,9,5.002e-05
18:13092468:T:C,5epsilongeo,9,5.001e-05
14:23576981:A:T,5epsilongeo,9,0.0
17:2980255:A:G,5epsilongeo,9,0.0
7:85042326:C:A,5epsilongeo,9,0.0
15:84890591:T:C,5epsilongeo,9,5.006e-05
1:177958361:G:C,5epsilongeo,9,0.0
9:21803031:C:T,5epsilongeo,9,5.043e-05
9:65738415:A:G,5epsilongeo,9,0.0
12:112869835:G:A,5epsilongeo,9,0.0
4:119027357:T:A,5epsilongeo,9,0.0
6:32170167:G:T,5epsilongeo,9,0.0
17:49717769:A:G,5epsilongeo,9,0.0
4:118833785:G:A,5epsilongeo,9,0.0
2:65104686:A:G,5epsilongeo,9,5.007e-05
9:134045218:G:A,5epsilongeo,9,5.002e-05
5:129654328:C:T,5epsilongeo,9,0.0001
19:48837433:C:A,5epsilongeo,9,0.0
4:142029201:G:C,5epsilongeo,10,0.0
6:32976837:C:T,5epsilongeo,10,0.0001
12:64222257:G:A,5epsilongeo,10,0.0
6:46825518:T:C,5epsilongeo,10,0.0
4:47626401:T:C,5epsilongeo,10,0.0
19:2247079:T:C,5epsilongeo,10,0.0
17:42166577:T:C,5epsilongeo,10,0.0
12:120552446:A:G,5epsilongeo,10,5.001e-05
18:13092468:T:C,5epsilongeo,10,0.0
14:23576981:A:T,5epsilongeo,10,0.0
17:2980255:A:G,5epsilongeo,10,0.0
7:85042326:C:A,5epsilongeo,10,0.0
15:84890591:T:C,5epsilongeo,10,0.0001001
1:177958361:G:C,5epsilongeo,10,5.002e-05
9:21803031:C:T,5epsilongeo,10,5.037e-05
9:65738415:A:G,5epsilongeo,10,5.018e-05
12:112869835:G:A,5epsilongeo,10,0.0
4:119027357:T:A,5epsilongeo,10,0.0
6:32170167:G:T,5epsilongeo,10,5e-05
17:49717769:A:G,5epsilongeo,10,5.004e-05
4:118833785:G:A,5epsilongeo,10,0.0001008
2:65104686:A:G,5epsilongeo,10,0.0
9:134045218:G:A,5epsilongeo,10,0.0
5:129654328:C:T,5epsilongeo,10,0.0001
19:48837433:C:A,5epsilongeo,10,0.0
4:142029201:G:C,10epsilongeo,1,0.0
6:32976837:C:T,10epsilongeo,1,0.0
12:64222257:G:A,10epsilongeo,1,0.0
6:46825518:T:C,10epsilongeo,1,0.0
4:47626401:T:C,10epsilongeo,1,5.006e-05
19:2247079:T:C,10epsilongeo,1,0.0
17:42166577:T:C,10epsilongeo,1,0.0
12:120552446:A:G,10epsilongeo,1,0.0
18:13092468:T:C,10epsilongeo,1,0.0
14:23576981:A:T,10epsilongeo,1,0.0
17:2980255:A:G,10epsilongeo,1,0.0
7:85042326:C:A,10epsilongeo,1,5.005e-05
15:84890591:T:C,10epsilongeo,1,0.0
1:177958361:G:C,10epsilongeo,1,5.001e-05
9:21803031:C:T,10epsilongeo,1,0.0
9:65738415:A:G,10epsilongeo,1,0.0
12:112869835:G:A,10epsilongeo,1,0.0
4:119027357:T:A,10epsilongeo,1,0.0
6:32170167:G:T,10epsilongeo,1,5e-05
17:49717769:A:G,10epsilongeo,1,0.0
4:118833785:G:A,10epsilongeo,1,5.035e-05
2:65104686:A:G,10epsilongeo,1,0.0
9:134045218:G:A,10epsilongeo,1,5e-05
5:129654328:C:T,10epsilongeo,1,5.001e-05
19:48837433:C:A,10epsilongeo,1,0.0
4:142029201:G:C,10epsilongeo,2,0.0
6:32976837:C:T,10epsilongeo,2,0.0001
12:64222257:G:A,10epsilongeo,2,0.0001
6:46825518:T:C,10epsilongeo,2,0.0
4:47626401:T:C,10epsilongeo,2,0.0
19:2247079:T:C,10epsilongeo,2,0.0
17:42166577:T:C,10epsilongeo,2,0.0
12:120552446:A:G,10epsilongeo,2,0.0001
18:13092468:T:C,10epsilongeo,2,0.0
14:23576981:A:T,10epsilongeo,2,0.0
17:2980255:A:G,10epsilongeo,2,0.0
7:85042326:C:A,10epsilongeo,2,5.006e-05
15:84890591:T:C,10epsilongeo,2,0.0
1:177958361:G:C,10epsilongeo,2,0.0
9:21803031:C:T,10epsilongeo,2,0.0
9:65738415:A:G,10epsilongeo,2,5.017e-05
12:112869835:G:A,10epsilongeo,2,5e-05
4:119027357:T:A,10epsilongeo,2,0.0
6:32170167:G:T,10epsilongeo,2,0.0
17:49717769:A:G,10epsilongeo,2,5.005e-05
4:118833785:G:A,10epsilongeo,2,5.031e-05
2:65104686:A:G,10epsilongeo,2,5.005e-05
9:134045218:G:A,10epsilongeo,2,0.0
5:129654328:C:T,10epsilongeo,2,5e-05
19:48837433:C:A,10epsilongeo,2,0.0
4:142029201:G:C,10epsilongeo,3,0.0
6:32976837:C:T,10epsilongeo,3,0.0
12:64222257:G:A,10epsilongeo,3,0.0
6:46825518:T:C,10epsilongeo,3,0.0
4:47626401:T:C,10epsilongeo,3,0.0
19:2247079:T:C,10epsilongeo,3,5.001e-05
17:42166577:T:C,10epsilongeo,3,0.0
12:120552446:A:G,10epsilongeo,3,5.003e-05
18:13092468:T:C,10epsilongeo,3,5.001e-05
14:23576981:A:T,10epsilongeo,3,0.0
17:2980255:A:G,10epsilongeo,3,0.0
7:85042326:C:A,10epsilongeo,3,0.0
15:84890591:T:C,10epsilongeo,3,5.011e-05
1:177958361:G:C,10epsilongeo,3,0.0
9:21803031:C:T,10epsilongeo,3,0.0
9:65738415:A:G,10epsilongeo,3,0.0
12:112869835:G:A,10epsilongeo,3,0.0
4:119027357:T:A,10epsilongeo,3,0.0
6:32170167:G:T,10epsilongeo,3,0.0
17:49717769:A:G,10epsilongeo,3,0.0
4:118833785:G:A,10epsilongeo,3,5.04e-05
2:65104686:A:G,10epsilongeo,3,5.003e-05
9:134045218:G:A,10epsilongeo,3,5.001e-05
5:129654328:C:T,10epsilongeo,3,5.001e-05
19:48837433:C:A,10epsilongeo,3,0.0
4:142029201:G:C,10epsilongeo,4,0.0
6:32976837:C:T,10epsilongeo,4,0.0
12:64222257:G:A,10epsilongeo,4,0.0001
6:46825518:T:C,10epsilongeo,4,0.0
4:47626401:T:C,10epsilongeo,4,5.009e-05
19:2247079:T:C,10epsilongeo,4,0.0
17:42166577:T:C,10epsilongeo,4,5.001e-05
12:120552446:A:G,10epsilongeo,4,5.002e-05
18:13092468:T:C,10epsilongeo,4,0.0
14:23576981:A:T,10epsilongeo,4,0.0
17:2980255:A:G,10epsilongeo,4,5.001e-05
7:85042326:C:A,10epsilongeo,4,0.0
15:84890591:T:C,10epsilongeo,4,5.009e-05
1:177958361:G:C,10epsilongeo,4,0.0
9:21803031:C:T,10epsilongeo,4,0.0
9:65738415:A:G,10epsilongeo,4,5.019e-05
12:112869835:G:A,10epsilongeo,4,0.0
4:119027357:T:A,10epsilongeo,4,0.0
6:32170167:G:T,10epsilongeo,4,0.0
17:49717769:A:G,10epsilongeo,4,5.002e-05
4:118833785:G:A,10epsilongeo,4,0.0
2:65104686:A:G,10epsilongeo,4,5.003e-05
9:134045218:G:A,10epsilongeo,4,5e-05
5:129654328:C:T,10epsilongeo,4,5e-05
19:48837433:C:A,10epsilongeo,4,0.0
4:142029201:G:C,10epsilongeo,5,0.0
6:32976837:C:T,10epsilongeo,5,0.0
12:64222257:G:A,10epsilongeo,5,0.0
6:46825518:T:C,10epsilongeo,5,0.0
4:47626401:T:C,10epsilongeo,5,0.0
19:2247079:T:C,10epsilongeo,5,0.0
17:42166577:T:C,10epsilongeo,5,5.003e-05
12:120552446:A:G,10epsilongeo,5,5.001e-05
18:13092468:T:C,10epsilongeo,5,0.0
14:23576981:A:T,10epsilongeo,5,0.0
17:2980255:A:G,10epsilongeo,5,0.0
7:85042326:C:A,10epsilongeo,5,0.0
15:84890591:T:C,10epsilongeo,5,0.0001503
1:177958361:G:C,10epsilongeo,5,0.0
9:21803031:C:T,10epsilongeo,5,0.0
9:65738415:A:G,10epsilongeo,5,5.019e-05
12:112869835:G:A,10epsilongeo,5,0.0
4:119027357:T:A,10epsilongeo,5,0.0
6:32170167:G:T,10epsilongeo,5,5e-05
17:49717769:A:G,10epsilongeo,5,0.0
4:118833785:G:A,10epsilongeo,5,0.0
2:65104686:A:G,10epsilongeo,5,0.0001001
9:134045218:G:A,10epsilongeo,5,5.001e-05
5:129654328:C:T,10epsilongeo,5,0.0
19:48837433:C:A,10epsilongeo,5,0.0
4:142029201:G:C,10epsilongeo,6,0.0
6:32976837:C:T,10epsilongeo,6,0.0
12:64222257:G:A,10epsilongeo,6,5e-05
6:46825518:T:C,10epsilongeo,6,0.0
4:47626401:T:C,10epsilongeo,6,5.006e-05
19:2247079:T:C,10epsilongeo,6,0.0
17:42166577:T:C,10epsilongeo,6,0.0
12:120552446:A:G,10epsilongeo,6,0.0
18:13092468:T:C,10epsilongeo,6,0.0
14:23576981:A:T,10epsilongeo,6,0.0
17:2980255:A:G,10epsilongeo,6,0.0
7:85042326:C:A,10epsilongeo,6,0.0
15:84890591:T:C,10epsilongeo,6,0.0
1:177958361:G:C,10epsilongeo,6,0.0
9:21803031:C:T,10epsilongeo,6,0.0
9:65738415:A:G,10epsilongeo,6,5.028e-05
12:112869835:G:A,10epsilongeo,6,0.0
4:119027357:T:A,10epsilongeo,6,0.0
6:32170167:G:T,10epsilongeo,6,5e-05
17:49717769:A:G,10epsilongeo,6,0.0
4:118833785:G:A,10epsilongeo,6,0.0
2:65104686:A:G,10epsilongeo,6,5.003e-05
9:134045218:G:A,10epsilongeo,6,5.002e-05
5:129654328:C:T,10epsilongeo,6,5e-05
19:48837433:C:A,10epsilongeo,6,0.0001
4:142029201:G:C,10epsilongeo,7,0.0
6:32976837:C:T,10epsilongeo,7,5e-05
12:64222257:G:A,10epsilongeo,7,0.0001
6:46825518:T:C,10epsilongeo,7,5.002e-05
4:47626401:T:C,10epsilongeo,7,0.0
19:2247079:T:C,10epsilongeo,7,0.0
17:42166577:T:C,10epsilongeo,7,0.0
12:120552446:A:G,10epsilongeo,7,5.002e-05
18:13092468:T:C,10epsilongeo,7,0.0
14:23576981:A:T,10epsilongeo,7,5.001e-05
17:2980255:A:G,10epsilongeo,7,5.002e-05
7:85042326:C:A,10epsilongeo,7,5.005e-05
15:84890591:T:C,10epsilongeo,7,5.009e-05
1:177958361:G:C,10epsilongeo,7,0.0
9:21803031:C:T,10epsilongeo,7,5.036e-05
9:65738415:A:G,10epsilongeo,7,0.0
12:112869835:G:A,10epsilongeo,7,5e-05
4:119027357:T:A,10epsilongeo,7,0.0
6:32170167:G:T,10epsilongeo,7,5e-05
17:49717769:A:G,10epsilongeo,7,0.0
4:118833785:G:A,10epsilongeo,7,0.0
2:65104686:A:G,10epsilongeo,7,0.0
9:134045218:G:A,10epsilongeo,7,0.0001
5:129654328:C:T,10epsilongeo,7,5e-05
19:48837433:C:A,10epsilongeo,7,0.0
4:142029201:G:C,10epsilongeo,8,0.0
6:32976837:C:T,10epsilongeo,8,5e-05
12:64222257:G:A,10epsilongeo,8,0.0
6:46825518:T:C,10epsilongeo,8,0.0
4:47626401:T:C,10epsilongeo,8,0.0
19:2247079:T:C,10epsilongeo,8,0.0
17:42166577:T:C,10epsilongeo,8,0.0
12:120552446:A:G,10epsilongeo,8,0.0001001
18:13092468:T:C,10epsilongeo,8,0.00015
14:23576981:A:T,10epsilongeo,8,0.0
17:2980255:A:G,10epsilongeo,8,0.0
7:85042326:C:A,10epsilongeo,8,0.0
15:84890591:T:C,10epsilongeo,8,5.008e-05
1:177958361:G:C,10epsilongeo,8,0.0
9:21803031:C:T,10epsilongeo,8,0.0
9:65738415:A:G,10epsilongeo,8,5.021e-05
12:112869835:G:A,10epsilongeo,8,0.0
4:119027357:T:A,10epsilongeo,8,0.0
6:32170167:G:T,10epsilongeo,8,0.0
17:49717769:A:G,10epsilongeo,8,5.003e-05
4:118833785:G:A,10epsilongeo,8,5.037e-05
2:65104686:A:G,10epsilongeo,8,5.004e-05
9:134045218:G:A,10epsilongeo,8,0.0
5:129654328:C:T,10epsilongeo,8,5e-05
19:48837433:C:A,10epsilongeo,8,0.0
4:142029201:G:C,10epsilongeo,9,0.0
6:32976837:C:T,10epsilongeo,9,5e-05
12:64222257:G:A,10epsilongeo,9,5e-05
6:46825518:T:C,10epsilongeo,9,5.002e-05
4:47626401:T:C,10epsilongeo,9,0.0
19:2247079:T:C,10epsilongeo,9,5e-05
17:42166577:T:C,10epsilongeo,9,0.0
12:120552446:A:G,10epsilongeo,9,0.0
18:13092468:T:C,10epsilongeo,9,5.001e-05
14:23576981:A:T,10epsilongeo,9,0.0
17:2980255:A:G,10epsilongeo,9,0.0
7:85042326:C:A,10epsilongeo,9,0.0001001
15:84890591:T:C,10epsilongeo,9,5.007e-05
1:177958361:G:C,10epsilongeo,9,0.0
9:21803031:C:T,10epsilongeo,9,5.036e-05
9:65738415:A:G,10epsilongeo,9,0.0
12:112869835:G:A,10epsilongeo,9,0.0
4:119027357:T:A,10epsilongeo,9,0.0
6:32170167:G:T,10epsilongeo,9,0.0
17:49717769:A:G,10epsilongeo,9,5.003e-05
4:118833785:G:A,10epsilongeo,9,0.0
2:65104686:A:G,10epsilongeo,9,0.0
9:134045218:G:A,10epsilongeo,9,0.0
5:129654328:C:T,10epsilongeo,9,0.0
19:48837433:C:A,10epsilongeo,9,0.0
4:142029201:G:C,10epsilongeo,10,0.0
6:32976837:C:T,10epsilongeo,10,5e-05
12:64222257:G:A,10epsilongeo,10,0.0
6:46825518:T:C,10epsilongeo,10,5.004e-05
4:47626401:T:C,10epsilongeo,10,0.0
19:2247079:T:C,10epsilongeo,10,0.0
17:42166577:T:C,10epsilongeo,10,0.0
12:120552446:A:G,10epsilongeo,10,5.002e-05
18:13092468:T:C,10epsilongeo,10,0.0
14:23576981:A:T,10epsilongeo,10,0.0
17:2980255:A:G,10epsilongeo,10,0.0
7:85042326:C:A,10epsilongeo,10,5.005e-05
15:84890591:T:C,10epsilongeo,10,5.006e-05
1:177958361:G:C,10epsilongeo,10,0.0
9:21803031:C:T,10epsilongeo,10,5.035e-05
9:65738415:A:G,10epsilongeo,10,5.019e-05
12:112869835:G:A,10epsilongeo,10,0.0
4:119027357:T:A,10epsilongeo,10,0.0
6:32170167:G:T,10epsilongeo,10,0.0
17:49717769:A:G,10epsilongeo,10,5.002e-05
4:118833785:G:A,10epsilongeo,10,0.0
2:65104686:A:G,10epsilongeo,10,0.0001001
9:134045218:G:A,10epsilongeo,10,0.0
5:129654328:C:T,10epsilongeo,10,0.0
19:48837433:C:A,10epsilongeo,10,0.0
4:142029201:G:C,50epsilongeo,1,0.0
6:32976837:C:T,50epsilongeo,1,0.0
12:64222257:G:A,50epsilongeo,1,5e-05
6:46825518:T:C,50epsilongeo,1,0.0
4:47626401:T:C,50epsilongeo,1,0.0
19:2247079:T:C,50epsilongeo,1,5e-05
17:42166577:T:C,50epsilongeo,1,0.0001
12:120552446:A:G,50epsilongeo,1,0.0
18:13092468:T:C,50epsilongeo,1,0.0001
14:23576981:A:T,50epsilongeo,1,5e-05
17:2980255:A:G,50epsilongeo,1,5.001e-05
7:85042326:C:A,50epsilongeo,1,5.007e-05
15:84890591:T:C,50epsilongeo,1,5.011e-05
1:177958361:G:C,50epsilongeo,1,0.0
9:21803031:C:T,50epsilongeo,1,5.042e-05
9:65738415:A:G,50epsilongeo,1,0.0001004
12:112869835:G:A,50epsilongeo,1,0.0
4:119027357:T:A,50epsilongeo,1,0.0
6:32170167:G:T,50epsilongeo,1,0.0
17:49717769:A:G,50epsilongeo,1,0.0001001
4:118833785:G:A,50epsilongeo,1,5.028e-05
2:65104686:A:G,50epsilongeo,1,0.0
9:134045218:G:A,50epsilongeo,1,5.001e-05
5:129654328:C:T,50epsilongeo,1,0.0
19:48837433:C:A,50epsilongeo,1,5e-05
4:142029201:G:C,50epsilongeo,2,0.0
6:32976837:C:T,50epsilongeo,2,5e-05
12:64222257:G:A,50epsilongeo,2,0.0
6:46825518:T:C,50epsilongeo,2,0.0
4:47626401:T:C,50epsilongeo,2,0.0
19:2247079:T:C,50epsilongeo,2,0.0
17:42166577:T:C,50epsilongeo,2,0.0
12:120552446:A:G,50epsilongeo,2,0.0
18:13092468:T:C,50epsilongeo,2,0.0
14:23576981:A:T,50epsilongeo,2,0.0
17:2980255:A:G,50epsilongeo,2,5e-05
7:85042326:C:A,50epsilongeo,2,0.0
15:84890591:T:C,50epsilongeo,2,0.0
1:177958361:G:C,50epsilongeo,2,0.0
9:21803031:C:T,50epsilongeo,2,5.038e-05
9:65738415:A:G,50epsilongeo,2,0.0001507
12:112869835:G:A,50epsilongeo,2,5e-05
4:119027357:T:A,50epsilongeo,2,0.0001
6:32170167:G:T,50epsilongeo,2,0.0
17:49717769:A:G,50epsilongeo,2,0.0
4:118833785:G:A,50epsilongeo,2,0.0
2:65104686:A:G,50epsilongeo,2,0.0
9:134045218:G:A,50epsilongeo,2,0.0
5:129654328:C:T,50epsilongeo,2,0.0
19:48837433:C:A,50epsilongeo,2,0.0
4:142029201:G:C,50epsilongeo,3,0.0
6:32976837:C:T,50epsilongeo,3,0.0
12:64222257:G:A,50epsilongeo,3,0.0001
6:46825518:T:C,50epsilongeo,3,5.002e-05
4:47626401:T:C,50epsilongeo,3,0.0
19:2247079:T:C,50epsilongeo,3,0.0
17:42166577:T:C,50epsilongeo,3,0.0001
12:120552446:A:G,50epsilongeo,3,0.0
18:13092468:T:C,50epsilongeo,3,0.0
14:23576981:A:T,50epsilongeo,3,5.001e-05
17:2980255:A:G,50epsilongeo,3,0.0
7:85042326:C:A,50epsilongeo,3,5.006e-05
15:84890591:T:C,50epsilongeo,3,0.0
1:177958361:G:C,50epsilongeo,3,0.0
9:21803031:C:T,50epsilongeo,3,0.0
9:65738415:A:G,50epsilongeo,3,0.0
12:112869835:G:A,50epsilongeo,3,0.0
4:119027357:T:A,50epsilongeo,3,0.0
6:32170167:G:T,50epsilongeo,3,0.0
17:49717769:A:G,50epsilongeo,3,0.0
4:118833785:G:A,50epsilongeo,3,0.0
2:65104686:A:G,50epsilongeo,3,0.0
9:134045218:G:A,50epsilongeo,3,0.0
5:129654328:C:T,50epsilongeo,3,5e-05
19:48837433:C:A,50epsilongeo,3,0.0
4:142029201:G:C,50epsilongeo,4,5.001e-05
6:32976837:C:T,50epsilongeo,4,0.0
12:64222257:G:A,50epsilongeo,4,0.0
6:46825518:T:C,50epsilongeo,4,0.0
4:47626401:T:C,50epsilongeo,4,0.0
19:2247079:T:C,50epsilongeo,4,5.001e-05
17:42166577:T:C,50epsilongeo,4,0.0001001
12:120552446:A:G,50epsilongeo,4,0.0
18:13092468:T:C,50epsilongeo,4,5e-05
14:23576981:A:T,50epsilongeo,4,0.0
17:2980255:A:G,50epsilongeo,4,5e-05
7:85042326:C:A,50epsilongeo,4,0.0
15:84890591:T:C,50epsilongeo,4,0.0
1:177958361:G:C,50epsilongeo,4,0.0
9:21803031:C:T,50epsilongeo,4,0.0
9:65738415:A:G,50epsilongeo,4,0.0
12:112869835:G:A,50epsilongeo,4,5e-05
4:119027357:T:A,50epsilongeo,4,0.0
6:32170167:G:T,50epsilongeo,4,0.0
17:49717769:A:G,50epsilongeo,4,0.0001001
4:118833785:G:A,50epsilongeo,4,0.0
2:65104686:A:G,50epsilongeo,4,5.004e-05
9:134045218:G:A,50epsilongeo,4,0.0
5:129654328:C:T,50epsilongeo,4,0.0
19:48837433:C:A,50epsilongeo,4,5e-05
4:142029201:G:C,50epsilongeo,5,0.0
6:32976837:C:T,50epsilongeo,5,0.0
12:64222257:G:A,50epsilongeo,5,0.0
6:46825518:T:C,50epsilongeo,5,0.0
4:47626401:T:C,50epsilongeo,5,0.0001502
19:2247079:T:C,50epsilongeo,5,5.001e-05
17:42166577:T:C,50epsilongeo,5,0.0
12:120552446:A:G,50epsilongeo,5,0.0
18:13092468:T:C,50epsilongeo,5,0.0
14:23576981:A:T,50epsilongeo,5,0.0
17:2980255:A:G,50epsilongeo,5,0.0
7:85042326:C:A,50epsilongeo,5,0.0
15:84890591:T:C,50epsilongeo,5,0.0001002
1:177958361:G:C,50epsilongeo,5,0.0
9:21803031:C:T,50epsilongeo,5,0.0
9:65738415:A:G,50epsilongeo,5,0.0
12:112869835:G:A,50epsilongeo,5,0.0
4:119027357:T:A,50epsilongeo,5,0.0
6:32170167:G:T,50epsilongeo,5,0.0
17:49717769:A:G,50epsilongeo,5,0.0
4:118833785:G:A,50epsilongeo,5,5.031e-05
2:65104686:A:G,50epsilongeo,5,0.0
9:134045218:G:A,50epsilongeo,5,0.0
5:129654328:C:T,50epsilongeo,5,5e-05
19:48837433:C:A,50epsilongeo,5,5e-05
4:142029201:G:C,50epsilongeo,6,5.001e-05
6:32976837:C:T,50epsilongeo,6,0.0
12:64222257:G:A,50epsilongeo,6,0.0
6:46825518:T:C,50epsilongeo,6,0.0
4:47626401:T:C,50epsilongeo,6,0.0
19:2247079:T:C,50epsilongeo,6,0.0
17:42166577:T:C,50epsilongeo,6,0.0
12:120552446:A:G,50epsilongeo,6,0.0
18:13092468:T:C,50epsilongeo,6,0.0
14:23576981:A:T,50epsilongeo,6,0.0
17:2980255:A:G,50epsilongeo,6,5e-05
7:85042326:C:A,50epsilongeo,6,0.0
15:84890591:T:C,50epsilongeo,6,0.0
1:177958361:G:C,50epsilongeo,6,0.0
9:21803031:C:T,50epsilongeo,6,0.0
9:65738415:A:G,50epsilongeo,6,5.021e-05
12:112869835:G:A,50epsilongeo,6,0.0
4:119027357:T:A,50epsilongeo,6,0.0
6:32170167:G:T,50epsilongeo,6,5e-05
17:49717769:A:G,50epsilongeo,6,5.004e-05
4:118833785:G:A,50epsilongeo,6,0.0001007
2:65104686:A:G,50epsilongeo,6,0.0
9:134045218:G:A,50epsilongeo,6,5.001e-05
5:129654328:C:T,50epsilongeo,6,0.0
19:48837433:C:A,50epsilongeo,6,5e-05
4:142029201:G:C,50epsilongeo,7,0.0
6:32976837:C:T,50epsilongeo,7,0.0
12:64222257:G:A,50epsilongeo,7,0.0
6:46825518:T:C,50epsilongeo,7,0.0
4:47626401:T:C,50epsilongeo,7,5.007e-05
19:2247079:T:C,50epsilongeo,7,0.0
17:42166577:T:C,50epsilongeo,7,5.001e-05
12:120552446:A:G,50epsilongeo,7,0.0
18:13092468:T:C,50epsilongeo,7,0.0
14:23576981:A:T,50epsilongeo,7,0.0
17:2980255:A:G,50epsilongeo,7,5.001e-05
7:85042326:C:A,50epsilongeo,7,0.0
15:84890591:T:C,50epsilongeo,7,5.01e-05
1:177958361:G:C,50epsilongeo,7,0.0
9:21803031:C:T,50epsilongeo,7,0.0
9:65738415:A:G,50epsilongeo,7,5.02e-05
12:112869835:G:A,50epsilongeo,7,0.00015
4:119027357:T:A,50epsilongeo,7,0.0
6:32170167:G:T,50epsilongeo,7,0.0
17:49717769:A:G,50epsilongeo,7,5.005e-05
4:118833785:G:A,50epsilongeo,7,0.0
2:65104686:A:G,50epsilongeo,7,0.0
9:134045218:G:A,50epsilongeo,7,0.0
5:129654328:C:T,50epsilongeo,7,0.0
19:48837433:C:A,50epsilongeo,7,0.0
4:142029201:G:C,50epsilongeo,8,0.0001
6:32976837:C:T,50epsilongeo,8,5e-05
12:64222257:G:A,50epsilongeo,8,0.0
6:46825518:T:C,50epsilongeo,8,0.0
4:47626401:T:C,50epsilongeo,8,0.0001002
19:2247079:T:C,50epsilongeo,8,0.0
17:42166577:T:C,50epsilongeo,8,0.0
12:120552446:A:G,50epsilongeo,8,0.0
18:13092468:T:C,50epsilongeo,8,0.00015
14:23576981:A:T,50epsilongeo,8,5.003e-05
17:2980255:A:G,50epsilongeo,8,5e-05
7:85042326:C:A,50epsilongeo,8,0.0
15:84890591:T:C,50epsilongeo,8,0.0
1:177958361:G:C,50epsilongeo,8,0.0
9:21803031:C:T,50epsilongeo,8,0.0
9:65738415:A:G,50epsilongeo,8,5.02e-05
12:112869835:G:A,50epsilongeo,8,0.0
4:119027357:T:A,50epsilongeo,8,0.0
6:32170167:G:T,50epsilongeo,8,5e-05
17:49717769:A:G,50epsilongeo,8,5.004e-05
4:118833785:G:A,50epsilongeo,8,5.035e-05
2:65104686:A:G,50epsilongeo,8,0.0001001
9:134045218:G:A,50epsilongeo,8,0.0
5:129654328:C:T,50epsilongeo,8,0.0
19:48837433:C:A,50epsilongeo,8,0.0
4:142029201:G:C,50epsilongeo,9,5e-05
6:32976837:C:T,50epsilongeo,9,0.0
12:64222257:G:A,50epsilongeo,9,0.0
6:46825518:T:C,50epsilongeo,9,0.0
4:47626401:T:C,50epsilongeo,9,0.0
19:2247079:T:C,50epsilongeo,9,0.0
17:42166577:T:C,50epsilongeo,9,5.002e-05
12:120552446:A:G,50epsilongeo,9,0.0
18:13092468:T:C,50epsilongeo,9,0.0
14:23576981:A:T,50epsilongeo,9,5.002e-05
17:2980255:A:G,50epsilongeo,9,0.0
7:85042326:C:A,50epsilongeo,9,5.007e-05
15:84890591:T:C,50epsilongeo,9,0.0001001
1:177958361:G:C,50epsilongeo,9,5e-05
9:21803031:C:T,50epsilongeo,9,0.0
9:65738415:A:G,50epsilongeo,9,0.0
12:112869835:G:A,50epsilongeo,9,5e-05
4:119027357:T:A,50epsilongeo,9,0.0
6:32170167:G:T,50epsilongeo,9,0.0
17:49717769:A:G,50epsilongeo,9,5.003e-05
4:118833785:G:A,50epsilongeo,9,0.0
2:65104686:A:G,50epsilongeo,9,5.003e-05
9:134045218:G:A,50epsilongeo,9,0.0
5:129654328:C:T,50epsilongeo,9,0.0
19:48837433:C:A,50epsilongeo,9,5e-05
4:142029201:G:C,50epsilongeo,10,0.0
6:32976837:C:T,50epsilongeo,10,0.0
12:64222257:G:A,50epsilongeo,10,0.0
6:46825518:T:C,50epsilongeo,10,5.002e-05
4:47626401:T:C,50epsilongeo,10,0.0
19:2247079:T:C,50epsilongeo,10,0.0
17:42166577:T:C,50epsilongeo,10,5.002e-05
12:120552446:A:G,50epsilongeo,10,0.0
18:13092468:T:C,50epsilongeo,10,0.0
14:23576981:A:T,50epsilongeo,10,0.0
17:2980255:A:G,50epsilongeo,10,0.0
7:85042326:C:A,50epsilongeo,10,5.005e-05
15:84890591:T:C,50epsilongeo,10,0.0
1:177958361:G:C,50epsilongeo,10,0.0
9:21803031:C:T,50epsilongeo,10,0.0
9:65738415:A:G,50epsilongeo,10,0.0
12:112869835:G:A,50epsilongeo,10,0.0001
4:119027357:T:A,50epsilongeo,10,5e-05
6:32170167:G:T,50epsilongeo,10,0.0
17:49717769:A:G,50epsilongeo,10,5.005e-05
4:118833785:G:A,50epsilongeo,10,0.0
2:65104686:A:G,50epsilongeo,10,5.005e-05
9:134045218:G:A,50epsilongeo,10,0.0
5:129654328:C:T,50epsilongeo,10,0.0
19:48837433:C:A,50epsilongeo,10,0.0
4:142029201:G:C,closest10kgeo,1,0.0
6:32976837:C:T,closest10kgeo,1,0.0
12:64222257:G:A,closest10kgeo,1,5e-05
6:46825518:T:C,closest10kgeo,1,0.0
4:47626401:T:C,closest10kgeo,1,0.0
19:2247079:T:C,closest10kgeo,1,0.0
17:42166577:T:C,closest10kgeo,1,0.0
12:120552446:A:G,closest10kgeo,1,5.001e-05
18:13092468:T:C,closest10kgeo,1,0.0
14:23576981:A:T,closest10kgeo,1,0.0
17:2980255:A:G,closest10kgeo,1,0.0
7:85042326:C:A,closest10kgeo,1,0.0
15:84890591:T:C,closest10kgeo,1,0.0
1:177958361:G:C,closest10kgeo,1,0.0
9:21803031:C:T,closest10kgeo,1,5.04e-05
9:65738415:A:G,closest10kgeo,1,0.0
12:112869835:G:A,closest10kgeo,1,0.0
4:119027357:T:A,closest10kgeo,1,0.0
6:32170167:G:T,closest10kgeo,1,0.0
17:49717769:A:G,closest10kgeo,1,0.0
4:118833785:G:A,closest10kgeo,1,0.0
2:65104686:A:G,closest10kgeo,1,5.006e-05
9:134045218:G:A,closest10kgeo,1,0.0
5:129654328:C:T,closest10kgeo,1,5e-05
19:48837433:C:A,closest10kgeo,1,0.0
4:142029201:G:C,closest10kgeo,2,0.0
6:32976837:C:T,closest10kgeo,2,0.0
12:64222257:G:A,closest10kgeo,2,5e-05
6:46825518:T:C,closest10kgeo,2,0.0
4:47626401:T:C,closest10kgeo,2,0.0
19:2247079:T:C,closest10kgeo,2,0.0
17:42166577:T:C,closest10kgeo,2,0.0
12:120552446:A:G,closest10kgeo,2,5.001e-05
18:13092468:T:C,closest10kgeo,2,0.0
14:23576981:A:T,closest10kgeo,2,0.0
17:2980255:A:G,closest10kgeo,2,0.0
7:85042326:C:A,closest10kgeo,2,0.0
15:84890591:T:C,closest10kgeo,2,0.0
1:177958361:G:C,closest10kgeo,2,0.0
9:21803031:C:T,closest10kgeo,2,5.04e-05
9:65738415:A:G,closest10kgeo,2,0.0
12:112869835:G:A,closest10kgeo,2,0.0
4:119027357:T:A,closest10kgeo,2,0.0
6:32170167:G:T,closest10kgeo,2,0.0
17:49717769:A:G,closest10kgeo,2,0.0
4:118833785:G:A,closest10kgeo,2,0.0
2:65104686:A:G,closest10kgeo,2,5.006e-05
9:134045218:G:A,closest10kgeo,2,0.0
5:129654328:C:T,closest10kgeo,2,5e-05
19:48837433:C:A,closest10kgeo,2,0.0
4:142029201:G:C,closest10kgeo,3,0.0
6:32976837:C:T,closest10kgeo,3,0.0
12:64222257:G:A,closest10kgeo,3,5e-05
6:46825518:T:C,closest10kgeo,3,0.0
4:47626401:T:C,closest10kgeo,3,0.0
19:2247079:T:C,closest10kgeo,3,0.0
17:42166577:T:C,closest10kgeo,3,0.0
12:120552446:A:G,closest10kgeo,3,5.001e-05
18:13092468:T:C,closest10kgeo,3,0.0
14:23576981:A:T,closest10kgeo,3,0.0
17:2980255:A:G,closest10kgeo,3,0.0
7:85042326:C:A,closest10kgeo,3,0.0
15:84890591:T:C,closest10kgeo,3,0.0
1:177958361:G:C,closest10kgeo,3,0.0
9:21803031:C:T,closest10kgeo,3,5.04e-05
9:65738415:A:G,closest10kgeo,3,0.0
12:112869835:G:A,closest10kgeo,3,0.0
4:119027357:T:A,closest10kgeo,3,0.0
6:32170167:G:T,closest10kgeo,3,0.0
17:49717769:A:G,closest10kgeo,3,0.0
4:118833785:G:A,closest10kgeo,3,0.0
2:65104686:A:G,closest10kgeo,3,5.006e-05
9:134045218:G:A,closest10kgeo,3,0.0
5:129654328:C:T,closest10kgeo,3,5e-05
19:48837433:C:A,closest10kgeo,3,0.0
4:142029201:G:C,closest10kgeo,4,0.0
6:32976837:C:T,closest10kgeo,4,0.0
12:64222257:G:A,closest10kgeo,4,5e-05
6:46825518:T:C,closest10kgeo,4,0.0
4:47626401:T:C,closest10kgeo,4,0.0
19:2247079:T:C,closest10kgeo,4,0.0
17:42166577:T:C,closest10kgeo,4,0.0
12:120552446:A:G,closest10kgeo,4,5.001e-05
18:13092468:T:C,closest10kgeo,4,0.0
14:23576981:A:T,closest10kgeo,4,0.0
17:2980255:A:G,closest10kgeo,4,0.0
7:85042326:C:A,closest10kgeo,4,0.0
15:84890591:T:C,closest10kgeo,4,0.0
1:177958361:G:C,closest10kgeo,4,0.0
9:21803031:C:T,closest10kgeo,4,5.04e-05
9:65738415:A:G,closest10kgeo,4,0.0
12:112869835:G:A,closest10kgeo,4,0.0
4:119027357:T:A,closest10kgeo,4,0.0
6:32170167:G:T,closest10kgeo,4,0.0
17:49717769:A:G,closest10kgeo,4,0.0
4:118833785:G:A,closest10kgeo,4,0.0
2:65104686:A:G,closest10kgeo,4,5.006e-05
9:134045218:G:A,closest10kgeo,4,0.0
5:129654328:C:T,closest10kgeo,4,5e-05
19:48837433:C:A,closest10kgeo,4,0.0
4:142029201:G:C,closest10kgeo,5,0.0
6:32976837:C:T,closest10kgeo,5,0.0
12:64222257:G:A,closest10kgeo,5,5e-05
6:46825518:T:C,closest10kgeo,5,0.0
4:47626401:T:C,closest10kgeo,5,0.0
19:2247079:T:C,closest10kgeo,5,0.0
17:42166577:T:C,closest10kgeo,5,0.0
12:120552446:A:G,closest10kgeo,5,5.001e-05
18:13092468:T:C,closest10kgeo,5,0.0
14:23576981:A:T,closest10kgeo,5,0.0
17:2980255:A:G,closest10kgeo,5,0.0
7:85042326:C:A,closest10kgeo,5,0.0
15:84890591:T:C,closest10kgeo,5,0.0
1:177958361:G:C,closest10kgeo,5,0.0
9:21803031:C:T,closest10kgeo,5,5.04e-05
9:65738415:A:G,closest10kgeo,5,0.0
12:112869835:G:A,closest10kgeo,5,0.0
4:119027357:T:A,closest10kgeo,5,0.0
6:32170167:G:T,closest10kgeo,5,0.0
17:49717769:A:G,closest10kgeo,5,0.0
4:118833785:G:A,closest10kgeo,5,0.0
2:65104686:A:G,closest10kgeo,5,5.006e-05
9:134045218:G:A,closest10kgeo,5,0.0
5:129654328:C:T,closest10kgeo,5,5e-05
19:48837433:C:A,closest10kgeo,5,0.0
4:142029201:G:C,closest10kgeo,6,0.0
6:32976837:C:T,closest10kgeo,6,0.0
12:64222257:G:A,closest10kgeo,6,5e-05
6:46825518:T:C,closest10kgeo,6,0.0
4:47626401:T:C,closest10kgeo,6,0.0
19:2247079:T:C,closest10kgeo,6,0.0
17:42166577:T:C,closest10kgeo,6,0.0
12:120552446:A:G,closest10kgeo,6,5.001e-05
18:13092468:T:C,closest10kgeo,6,0.0
14:23576981:A:T,closest10kgeo,6,0.0
17:2980255:A:G,closest10kgeo,6,0.0
7:85042326:C:A,closest10kgeo,6,0.0
15:84890591:T:C,closest10kgeo,6,0.0
1:177958361:G:C,closest10kgeo,6,0.0
9:21803031:C:T,closest10kgeo,6,5.04e-05
9:65738415:A:G,closest10kgeo,6,0.0
12:112869835:G:A,closest10kgeo,6,0.0
4:119027357:T:A,closest10kgeo,6,0.0
6:32170167:G:T,closest10kgeo,6,0.0
17:49717769:A:G,closest10kgeo,6,0.0
4:118833785:G:A,closest10kgeo,6,0.0
2:65104686:A:G,closest10kgeo,6,5.006e-05
9:134045218:G:A,closest10kgeo,6,0.0
5:129654328:C:T,closest10kgeo,6,5e-05
19:48837433:C:A,closest10kgeo,6,0.0
4:142029201:G:C,closest10kgeo,7,0.0
6:32976837:C:T,closest10kgeo,7,0.0
12:64222257:G:A,closest10kgeo,7,5e-05
6:46825518:T:C,closest10kgeo,7,0.0
4:47626401:T:C,closest10kgeo,7,0.0
19:2247079:T:C,closest10kgeo,7,0.0
17:42166577:T:C,closest10kgeo,7,0.0
12:120552446:A:G,closest10kgeo,7,5.001e-05
18:13092468:T:C,closest10kgeo,7,0.0
14:23576981:A:T,closest10kgeo,7,0.0
17:2980255:A:G,closest10kgeo,7,0.0
7:85042326:C:A,closest10kgeo,7,0.0
15:84890591:T:C,closest10kgeo,7,0.0
1:177958361:G:C,closest10kgeo,7,0.0
9:21803031:C:T,closest10kgeo,7,5.04e-05
9:65738415:A:G,closest10kgeo,7,0.0
12:112869835:G:A,closest10kgeo,7,0.0
4:119027357:T:A,closest10kgeo,7,0.0
6:32170167:G:T,closest10kgeo,7,0.0
17:49717769:A:G,closest10kgeo,7,0.0
4:118833785:G:A,closest10kgeo,7,0.0
2:65104686:A:G,closest10kgeo,7,5.006e-05
9:134045218:G:A,closest10kgeo,7,0.0
5:129654328:C:T,closest10kgeo,7,5e-05
19:48837433:C:A,closest10kgeo,7,0.0
4:142029201:G:C,closest10kgeo,8,0.0
6:32976837:C:T,closest10kgeo,8,0.0
12:64222257:G:A,closest10kgeo,8,5e-05
6:46825518:T:C,closest10kgeo,8,0.0
4:47626401:T:C,closest10kgeo,8,0.0
19:2247079:T:C,closest10kgeo,8,0.0
17:42166577:T:C,closest10kgeo,8,0.0
12:120552446:A:G,closest10kgeo,8,5.001e-05
18:13092468:T:C,closest10kgeo,8,0.0
14:23576981:A:T,closest10kgeo,8,0.0
17:2980255:A:G,closest10kgeo,8,0.0
7:85042326:C:A,closest10kgeo,8,0.0
15:84890591:T:C,closest10kgeo,8,0.0
1:177958361:G:C,closest10kgeo,8,0.0
9:21803031:C:T,closest10kgeo,8,5.04e-05
9:65738415:A:G,closest10kgeo,8,0.0
12:112869835:G:A,closest10kgeo,8,0.0
4:119027357:T:A,closest10kgeo,8,0.0
6:32170167:G:T,closest10kgeo,8,0.0
17:49717769:A:G,closest10kgeo,8,0.0
4:118833785:G:A,closest10kgeo,8,0.0
2:65104686:A:G,closest10kgeo,8,5.006e-05
9:134045218:G:A,closest10kgeo,8,0.0
5:129654328:C:T,closest10kgeo,8,5e-05
19:48837433:C:A,closest10kgeo,8,0.0
4:142029201:G:C,closest10kgeo,9,0.0
6:32976837:C:T,closest10kgeo,9,0.0
12:64222257:G:A,closest10kgeo,9,5e-05
6:46825518:T:C,closest10kgeo,9,0.0
4:47626401:T:C,closest10kgeo,9,0.0
19:2247079:T:C,closest10kgeo,9,0.0
17:42166577:T:C,closest10kgeo,9,0.0
12:120552446:A:G,closest10kgeo,9,5.001e-05
18:13092468:T:C,closest10kgeo,9,0.0
14:23576981:A:T,closest10kgeo,9,0.0
17:2980255:A:G,closest10kgeo,9,0.0
7:85042326:C:A,closest10kgeo,9,0.0
15:84890591:T:C,closest10kgeo,9,0.0
1:177958361:G:C,closest10kgeo,9,0.0
9:21803031:C:T,closest10kgeo,9,5.04e-05
9:65738415:A:G,closest10kgeo,9,0.0
12:112869835:G:A,closest10kgeo,9,0.0
4:119027357:T:A,closest10kgeo,9,0.0
6:32170167:G:T,closest10kgeo,9,0.0
17:49717769:A:G,closest10kgeo,9,0.0
4:118833785:G:A,closest10kgeo,9,0.0
2:65104686:A:G,closest10kgeo,9,5.006e-05
9:134045218:G:A,closest10kgeo,9,0.0
5:129654328:C:T,closest10kgeo,9,5e-05
19:48837433:C:A,closest10kgeo,9,0.0
4:142029201:G:C,closest10kgeo,10,0.0
6:32976837:C:T,closest10kgeo,10,0.0
12:64222257:G:A,closest10kgeo,10,5e-05
6:46825518:T:C,closest10kgeo,10,0.0
4:47626401:T:C,closest10kgeo,10,0.0
19:2247079:T:C,closest10kgeo,10,0.0
17:42166577:T:C,closest10kgeo,10,0.0
12:120552446:A:G,closest10kgeo,10,5.001e-05
18:13092468:T:C,closest10kgeo,10,0.0
14:23576981:A:T,closest10kgeo,10,0.0
17:2980255:A:G,closest10kgeo,10,0.0
7:85042326:C:A,closest10kgeo,10,0.0
15:84890591:T:C,closest10kgeo,10,0.0
1:177958361:G:C,closest10kgeo,10,0.0
9:21803031:C:T,closest10kgeo,10,5.04e-05
9:65738415:A:G,closest10kgeo,10,0.0
12:112869835:G:A,closest10kgeo,10,0.0
4:119027357:T:A,closest10kgeo,10,0.0
6:32170167:G:T,closest10kgeo,10,0.0
17:49717769:A:G,closest10kgeo,10,0.0
4:118833785:G:A,closest10kgeo,10,0.0
2:65104686:A:G,closest10kgeo,10,5.006e-05
9:134045218:G:A,closest10kgeo,10,0.0
5:129654328:C:T,closest10kgeo,10,5e-05
19:48837433:C:A,closest10kgeo,10,0.0
4:142029201:G:C,uniformgeo,1,0.0
6:32976837:C:T,uniformgeo,1,0.0
12:64222257:G:A,uniformgeo,1,0.0
6:46825518:T:C,uniformgeo,1,0.0
4:47626401:T:C,uniformgeo,1,0.0
19:2247079:T:C,uniformgeo,1,0.0
17:42166577:T:C,uniformgeo,1,0.0
12:120552446:A:G,uniformgeo,1,5e-05
18:13092468:T:C,uniformgeo,1,0.0001
14:23576981:A:T,uniformgeo,1,0.0
17:2980255:A:G,uniformgeo,1,0.0
7:85042326:C:A,uniformgeo,1,0.0
15:84890591:T:C,uniformgeo,1,0.0
1:177958361:G:C,uniformgeo,1,0.0
9:21803031:C:T,uniformgeo,1,5.039e-05
9:65738415:A:G,uniformgeo,1,0.0
12:112869835:G:A,uniformgeo,1,0.0001
4:119027357:T:A,uniformgeo,1,0.0
6:32170167:G:T,uniformgeo,1,0.0
17:49717769:A:G,uniformgeo,1,0.0001001
4:118833785:G:A,uniformgeo,1,0.0
2:65104686:A:G,uniformgeo,1,0.0
9:134045218:G:A,uniformgeo,1,0.0
5:129654328:C:T,uniformgeo,1,5e-05
19:48837433:C:A,uniformgeo,1,0.0
4:142029201:G:C,uniformgeo,2,0.0001
6:32976837:C:T,uniformgeo,2,0.0
12:64222257:G:A,uniformgeo,2,5e-05
6:46825518:T:C,uniformgeo,2,0.0
4:47626401:T:C,uniformgeo,2,0.0
19:2247079:T:C,uniformgeo,2,5e-05
17:42166577:T:C,uniformgeo,2,5.002e-05
12:120552446:A:G,uniformgeo,2,5.004e-05
18:13092468:T:C,uniformgeo,2,0.0
14:23576981:A:T,uniformgeo,2,0.0
17:2980255:A:G,uniformgeo,2,0.0
7:85042326:C:A,uniformgeo,2,0.0
15:84890591:T:C,uniformgeo,2,5.011e-05
1:177958361:G:C,uniformgeo,2,0.0
9:21803031:C:T,uniformgeo,2,0.0
9:65738415:A:G,uniformgeo,2,0.0
12:112869835:G:A,uniformgeo,2,5e-05
4:119027357:T:A,uniformgeo,2,0.0
6:32170167:G:T,uniformgeo,2,0.0
17:49717769:A:G,uniformgeo,2,5.002e-05
4:118833785:G:A,uniformgeo,2,0.0
2:65104686:A:G,uniformgeo,2,0.0
9:134045218:G:A,uniformgeo,2,0.0
5:129654328:C:T,uniformgeo,2,5e-05
19:48837433:C:A,uniformgeo,2,5e-05
4:142029201:G:C,uniformgeo,3,0.0
6:32976837:C:T,uniformgeo,3,0.0
12:64222257:G:A,uniformgeo,3,5e-05
6:46825518:T:C,uniformgeo,3,5.002e-05
4:47626401:T:C,uniformgeo,3,5.009e-05
19:2247079:T:C,uniformgeo,3,0.0
17:42166577:T:C,uniformgeo,3,0.0
12:120552446:A:G,uniformgeo,3,5.004e-05
18:13092468:T:C,uniformgeo,3,0.0
14:23576981:A:T,uniformgeo,3,0.0
17:2980255:A:G,uniformgeo,3,0.0
7:85042326:C:A,uniformgeo,3,0.0
15:84890591:T:C,uniformgeo,3,0.0
1:177958361:G:C,uniformgeo,3,5e-05
9:21803031:C:T,uniformgeo,3,0.0
9:65738415:A:G,uniformgeo,3,0.0
12:112869835:G:A,uniformgeo,3,5e-05
4:119027357:T:A,uniformgeo,3,0.0001
6:32170167:G:T,uniformgeo,3,5e-05
17:49717769:A:G,uniformgeo,3,0.0
4:118833785:G:A,uniformgeo,3,5.033e-05
2:65104686:A:G,uniformgeo,3,5.004e-05
9:134045218:G:A,uniformgeo,3,0.0
5:129654328:C:T,uniformgeo,3,5e-05
19:48837433:C:A,uniformgeo,3,0.0
4:142029201:G:C,uniformgeo,4,0.0
6:32976837:C:T,uniformgeo,4,0.0
12:64222257:G:A,uniformgeo,4,0.0
6:46825518:T:C,uniformgeo,4,0.0001
4:47626401:T:C,uniformgeo,4,0.0
19:2247079:T:C,uniformgeo,4,5e-05
17:42166577:T:C,uniformgeo,4,0.0
12:120552446:A:G,uniformgeo,4,5.004e-05
18:13092468:T:C,uniformgeo,4,0.0
14:23576981:A:T,uniformgeo,4,0.0
17:2980255:A:G,uniformgeo,4,0.0
7:85042326:C:A,uniformgeo,4,0.0
15:84890591:T:C,uniformgeo,4,0.0
1:177958361:G:C,uniformgeo,4,5e-05
9:21803031:C:T,uniformgeo,4,0.0
9:65738415:A:G,uniformgeo,4,0.0
12:112869835:G:A,uniformgeo,4,0.0
4:119027357:T:A,uniformgeo,4,5e-05
6:32170167:G:T,uniformgeo,4,5e-05
17:49717769:A:G,uniformgeo,4,0.0
4:118833785:G:A,uniformgeo,4,5.042e-05
2:65104686:A:G,uniformgeo,4,0.0
9:134045218:G:A,uniformgeo,4,0.0
5:129654328:C:T,uniformgeo,4,0.0
19:48837433:C:A,uniformgeo,4,0.0
4:142029201:G:C,uniformgeo,5,0.0
6:32976837:C:T,uniformgeo,5,5e-05
12:64222257:G:A,uniformgeo,5,0.0
6:46825518:T:C,uniformgeo,5,0.0
4:47626401:T:C,uniformgeo,5,0.0001001
19:2247079:T:C,uniformgeo,5,0.0
17:42166577:T:C,uniformgeo,5,5.003e-05
12:120552446:A:G,uniformgeo,5,0.0
18:13092468:T:C,uniformgeo,5,0.0
14:23576981:A:T,uniformgeo,5,5.001e-05
17:2980255:A:G,uniformgeo,5,0.0
7:85042326:C:A,uniformgeo,5,5.005e-05
15:84890591:T:C,uniformgeo,5,0.0
1:177958361:G:C,uniformgeo,5,5.001e-05
9:21803031:C:T,uniformgeo,5,0.0
9:65738415:A:G,uniformgeo,5,0.0
12:112869835:G:A,uniformgeo,5,0.0001
4:119027357:T:A,uniformgeo,5,0.0
6:32170167:G:T,uniformgeo,5,0.0001
17:49717769:A:G,uniformgeo,5,0.0
4:118833785:G:A,uniformgeo,5,0.0
2:65104686:A:G,uniformgeo,5,0.0
9:134045218:G:A,uniformgeo,5,0.0
5:129654328:C:T,uniformgeo,5,0.0
19:48837433:C:A,uniformgeo,5,5e-05
4:142029201:G:C,uniformgeo,6,0.0
6:32976837:C:T,uniformgeo,6,0.0
12:64222257:G:A,uniformgeo,6,5e-05
6:46825518:T:C,uniformgeo,6,0.0
4:47626401:T:C,uniformgeo,6,5.006e-05
19:2247079:T:C,uniformgeo,6,0.0001
17:42166577:T:C,uniformgeo,6,0.0
12:120552446:A:G,uniformgeo,6,0.0001001
18:13092468:T:C,uniformgeo,6,0.0
14:23576981:A:T,uniformgeo,6,5.002e-05
17:2980255:A:G,uniformgeo,6,0.0
7:85042326:C:A,uniformgeo,6,0.0
15:84890591:T:C,uniformgeo,6,0.0
1:177958361:G:C,uniformgeo,6,0.0
9:21803031:C:T,uniformgeo,6,0.0
9:65738415:A:G,uniformgeo,6,0.0
12:112869835:G:A,uniformgeo,6,5e-05
4:119027357:T:A,uniformgeo,6,0.0001
6:32170167:G:T,uniformgeo,6,5e-05
17:49717769:A:G,uniformgeo,6,0.0
4:118833785:G:A,uniformgeo,6,0.0
2:65104686:A:G,uniformgeo,6,5.006e-05
9:134045218:G:A,uniformgeo,6,0.0
5:129654328:C:T,uniformgeo,6,0.0
19:48837433:C:A,uniformgeo,6,5e-05
4:142029201:G:C,uniformgeo,7,5.001e-05
6:32976837:C:T,uniformgeo,7,0.0
12:64222257:G:A,uniformgeo,7,0.0
6:46825518:T:C,uniformgeo,7,0.0
4:47626401:T:C,uniformgeo,7,5.007e-05
19:2247079:T:C,uniformgeo,7,0.0
17:42166577:T:C,uniformgeo,7,0.0001
12:120552446:A:G,uniformgeo,7,0.0
18:13092468:T:C,uniformgeo,7,5.001e-05
14:23576981:A:T,uniformgeo,7,0.0
17:2980255:A:G,uniformgeo,7,0.0
7:85042326:C:A,uniformgeo,7,0.0
15:84890591:T:C,uniformgeo,7,0.0
1:177958361:G:C,uniformgeo,7,5e-05
9:21803031:C:T,uniformgeo,7,5.034e-05
9:65738415:A:G,uniformgeo,7,0.0
12:112869835:G:A,uniformgeo,7,0.0
4:119027357:T:A,uniformgeo,7,0.0
6:32170167:G:T,uniformgeo,7,0.0
17:49717769:A:G,uniformgeo,7,5.006e-05
4:118833785:G:A,uniformgeo,7,0.0
2:65104686:A:G,uniformgeo,7,0.0
9:134045218:G:A,uniformgeo,7,0.0
5:129654328:C:T,uniformgeo,7,0.0
19:48837433:C:A,uniformgeo,7,5e-05
4:142029201:G:C,uniformgeo,8,0.0
6:32976837:C:T,uniformgeo,8,0.0001
12:64222257:G:A,uniformgeo,8,5e-05
6:46825518:T:C,uniformgeo,8,5.003e-05
4:47626401:T:C,uniformgeo,8,0.0
19:2247079:T:C,uniformgeo,8,0.0
17:42166577:T:C,uniformgeo,8,0.0
12:120552446:A:G,uniformgeo,8,0.0
18:13092468:T:C,uniformgeo,8,0.0001
14:23576981:A:T,uniformgeo,8,0.0001
17:2980255:A:G,uniformgeo,8,5.001e-05
7:85042326:C:A,uniformgeo,8,5.007e-05
15:84890591:T:C,uniformgeo,8,0.0
1:177958361:G:C,uniformgeo,8,0.0
9:21803031:C:T,uniformgeo,8,5.043e-05
9:65738415:A:G,uniformgeo,8,0.0
12:112869835:G:A,uniformgeo,8,5e-05
4:119027357:T:A,uniformgeo,8,0.0
6:32170167:G:T,uniformgeo,8,5e-05
17:49717769:A:G,uniformgeo,8,0.0
4:118833785:G:A,uniformgeo,8,0.0
2:65104686:A:G,uniformgeo,8,0.0
9:134045218:G:A,uniformgeo,8,0.0
5:129654328:C:T,uniformgeo,8,0.0
19:48837433:C:A,uniformgeo,8,5e-05
4:142029201:G:C,uniformgeo,9,0.0
6:32976837:C:T,uniformgeo,9,5e-05
12:64222257:G:A,uniformgeo,9,0.0
6:46825518:T:C,uniformgeo,9,0.0001001
4:47626401:T:C,uniformgeo,9,0.0
19:2247079:T:C,uniformgeo,9,0.0
17:42166577:T:C,uniformgeo,9,0.0
12:120552446:A:G,uniformgeo,9,0.0
18:13092468:T:C,uniformgeo,9,0.0
14:23576981:A:T,uniformgeo,9,0.0001
17:2980255:A:G,uniformgeo,9,0.0
7:85042326:C:A,uniformgeo,9,0.0
15:84890591:T:C,uniformgeo,9,5.009e-05
1:177958361:G:C,uniformgeo,9,0.0001
9:21803031:C:T,uniformgeo,9,0.0
9:65738415:A:G,uniformgeo,9,0.0
12:112869835:G:A,uniformgeo,9,0.0
4:119027357:T:A,uniformgeo,9,0.0
6:32170167:G:T,uniformgeo,9,5e-05
17:49717769:A:G,uniformgeo,9,0.0
4:118833785:G:A,uniformgeo,9,0.0
2:65104686:A:G,uniformgeo,9,0.0
9:134045218:G:A,uniformgeo,9,5.001e-05
5:129654328:C:T,uniformgeo,9,0.0
19:48837433:C:A,uniformgeo,9,0.0
4:142029201:G:C,uniformgeo,10,0.0
6:32976837:C:T,uniformgeo,10,5e-05
12:64222257:G:A,uniformgeo,10,0.0
6:46825518:T:C,uniformgeo,10,5e-05
4:47626401:T:C,uniformgeo,10,0.0
19:2247079:T:C,uniformgeo,10,5e-05
17:42166577:T:C,uniformgeo,10,0.0
12:120552446:A:G,uniformgeo,10,0.0
18:13092468:T:C,uniformgeo,10,0.0
14:23576981:A:T,uniformgeo,10,0.0
17:2980255:A:G,uniformgeo,10,0.0001
7:85042326:C:A,uniformgeo,10,0.0001001
15:84890591:T:C,uniformgeo,10,0.0
1:177958361:G:C,uniformgeo,10,0.0
9:21803031:C:T,uniformgeo,10,0.0
9:65738415:A:G,uniformgeo,10,0.0
12:112869835:G:A,uniformgeo,10,0.0
4:119027357:T:A,uniformgeo,10,0.0
6:32170167:G:T,uniformgeo,10,0.0
17:49717769:A:G,uniformgeo,10,0.0
4:118833785:G:A,uniformgeo,10,0.0
2:65104686:A:G,uniformgeo,10,0.0
9:134045218:G:A,uniformgeo,10,0.0001
5:129654328:C:T,uniformgeo,10,0.0
19:48837433:C:A,uniformgeo,10,0.0
